bairro,tipologia,k_inf,k_sup,escrituras,pct_corte_baixo,pct_corte_alto,mediana_m2,cerca_inferior_m2,cerca_superior_m2
COPACABANA,Apartamento,2.0,2.5,9914,6.51,5.79,10208,8068,13698
COPACABANA,Apartamento,2.5,3.0,9914,3.34,4.93,10208,7607,14528
COPACABANA,Apartamento,3.0,3.5,9914,2.56,4.06,10208,7172,15408
BARRA DA TIJUCA,Apartamento,2.0,2.5,9881,2.23,7.12,9164,6258,14760
BARRA DA TIJUCA,Apartamento,2.5,3.0,9881,0.21,3.59,9164,5689,16237
BARRA DA TIJUCA,Apartamento,3.0,3.5,9881,,1.25,9164,5172,17861
RECREIO DOS BANDEIRANTES,Apartamento,2.0,2.5,7526,2.02,2.17,5971,4647,8168
RECREIO DOS BANDEIRANTES,Apartamento,2.5,3.0,7526,0.90,1.86,5971,4365,8696
RECREIO DOS BANDEIRANTES,Apartamento,3.0,3.5,7526,0.57,1.37,5971,4100,9259
JACAREPAGUÁ,Apartamento,2.0,2.5,6872,0.81,,6231,4372,9702
JACAREPAGUÁ,Apartamento,2.5,3.0,6872,0.65,,6231,4002,10600
JACAREPAGUÁ,Apartamento,3.0,3.5,6872,0.23,,6231,3663,11581
TIJUCA,Apartamento,2.0,2.5,6039,3.00,2.58,5669,3765,9455
TIJUCA,Apartamento,2.5,3.0,6039,1.41,,5669,3399,10473
TIJUCA,Apartamento,3.0,3.5,6039,0.78,,5669,3068,11601
BOTAFOGO,Apartamento,2.0,2.5,4178,0.93,4.55,10702,7135,17765
BOTAFOGO,Apartamento,2.5,3.0,4178,0.10,2.97,10702,6447,19660
BOTAFOGO,Apartamento,3.0,3.5,4178,0.05,,10702,5826,21758
IPANEMA,Apartamento,2.0,2.5,3057,2.49,5.79,16748,10327,30649
IPANEMA,Apartamento,2.5,3.0,3057,1.54,2.49,16748,9151,34587
IPANEMA,Apartamento,3.0,3.5,3057,0.29,1.11,16748,8110,39031
FREGUESIA (JACAREPAGUÁ),Apartamento,2.0,2.5,2650,2.15,0.75,4812,3670,6753
FREGUESIA (JACAREPAGUÁ),Apartamento,2.5,3.0,2650,1.21,,4812,3430,7226
FREGUESIA (JACAREPAGUÁ),Apartamento,3.0,3.5,2650,0.26,,4812,3205,7732
CAMORIM,Apartamento,2.0,2.5,2612,,,6428,4011,11592
CAMORIM,Apartamento,2.5,3.0,2612,,,6428,3565,13042
CAMORIM,Apartamento,3.0,3.5,2612,,,6428,3168,14675
LEBLON,Apartamento,2.0,2.5,2213,,2.30,19577,11562,37816
LEBLON,Apartamento,2.5,3.0,2213,,1.04,19577,10135,43138
LEBLON,Apartamento,3.0,3.5,2213,,0.63,19577,8885,49209
CAMPO GRANDE,Apartamento,2.0,2.5,2130,6.53,,3479,2396,5546
CAMPO GRANDE,Apartamento,2.5,3.0,2130,1.08,,3479,2182,6088
CAMPO GRANDE,Apartamento,3.0,3.5,2130,,,3479,1988,6683
PECHINCHA,Apartamento,2.0,2.5,1806,2.27,,4234,3457,5456
PECHINCHA,Apartamento,2.5,3.0,1806,0.72,,4234,3286,5740
PECHINCHA,Apartamento,3.0,3.5,1806,0.33,,4234,3124,6038
CACHAMBI,Apartamento,2.0,2.5,1754,2.57,,4633,3062,7775
CACHAMBI,Apartamento,2.5,3.0,1754,0.74,,4633,2760,8623
CACHAMBI,Apartamento,3.0,3.5,1754,0.46,,4633,2489,9564
TAQUARA,Apartamento,2.0,2.5,1719,5.18,2.21,4174,3383,5427
TAQUARA,Apartamento,2.5,3.0,1719,2.79,0.35,4174,3210,5720
TAQUARA,Apartamento,3.0,3.5,1719,1.34,,4174,3046,6028
VILA ISABEL,Apartamento,2.0,2.5,1705,2.40,0.53,4535,2998,7606
VILA ISABEL,Apartamento,2.5,3.0,1705,0.70,,4535,2704,8435
VILA ISABEL,Apartamento,3.0,3.5,1705,0.35,,4535,2438,9354
LARANJEIRAS,Apartamento,2.0,2.5,1502,1.86,3.26,9130,6678,13497
LARANJEIRAS,Apartamento,2.5,3.0,1502,1.13,2.00,9130,6176,14595
LARANJEIRAS,Apartamento,3.0,3.5,1502,0.73,2.00,9130,5711,15782
FLAMENGO,Apartamento,2.0,2.5,1214,,0.82,9128,6501,13952
FLAMENGO,Apartamento,2.5,3.0,1214,,0.33,9128,5972,15187
FLAMENGO,Apartamento,3.0,3.5,1214,,0.16,9128,5486,16532
TODOS OS SANTOS,Apartamento,2.0,2.5,1200,3.25,,4744,3411,7164
TODOS OS SANTOS,Apartamento,2.5,3.0,1200,0.83,,4744,3141,7779
TODOS OS SANTOS,Apartamento,3.0,3.5,1200,0.33,,4744,2893,8448
IRAJÁ,Apartamento,2.0,2.5,1141,2.37,,3740,2523,6116
IRAJÁ,Apartamento,2.5,3.0,1141,0.44,,3740,2287,6749
IRAJÁ,Apartamento,3.0,3.5,1141,0.26,,3740,2073,7446
MARACANÃ,Apartamento,2.0,2.5,1017,,1.57,5997,3968,10050
MARACANÃ,Apartamento,2.5,3.0,1017,,,5997,3578,11143
MARACANÃ,Apartamento,3.0,3.5,1017,,,5997,3227,12355
MÉIER,Apartamento,2.0,2.5,1006,2.49,1.09,4142,3050,6072
MÉIER,Apartamento,2.5,3.0,1006,1.29,0.50,4142,2826,6555
MÉIER,Apartamento,3.0,3.5,1006,0.30,,4142,2617,7076
ANDARAÍ,Apartamento,2.0,2.5,825,4.73,,4692,3121,7810
ANDARAÍ,Apartamento,2.5,3.0,825,2.91,,4692,2818,8648
ANDARAÍ,Apartamento,3.0,3.5,825,1.45,,4692,2545,9576
DEL CASTILHO,Apartamento,2.0,2.5,824,2.91,3.76,4822,4189,5750
DEL CASTILHO,Apartamento,2.5,3.0,824,1.70,1.70,4822,4044,5957
DEL CASTILHO,Apartamento,3.0,3.5,824,1.46,,4822,3904,6170
ENGENHO DE DENTRO,Apartamento,2.0,2.5,812,2.83,,4205,2625,7579
ENGENHO DE DENTRO,Apartamento,2.5,3.0,812,1.60,,4205,2333,8527
ENGENHO DE DENTRO,Apartamento,3.0,3.5,812,1.23,,4205,2074,9593
CATETE,Apartamento,2.0,2.5,799,5.01,,8937,6382,13614
CATETE,Apartamento,2.5,3.0,799,3.13,,8937,5867,14810
CATETE,Apartamento,3.0,3.5,799,0.63,,8937,5393,16110
LAGOA,Apartamento,2.0,2.5,747,0.67,6.43,14313,9605,23565
LAGOA,Apartamento,2.5,3.0,747,,,14313,8693,26036
LAGOA,Apartamento,3.0,3.5,747,,,14313,7868,28766
GRAJAÚ,Apartamento,2.0,2.5,740,5.68,0.54,4725,3628,6573
GRAJAÚ,Apartamento,2.5,3.0,740,3.11,0.27,4725,3397,7022
GRAJAÚ,Apartamento,3.0,3.5,740,1.49,0.27,4725,3180,7501
ANIL,Apartamento,2.0,2.5,719,2.23,,4701,3614,6532
ANIL,Apartamento,2.5,3.0,719,0.70,,4701,3383,6976
ANIL,Apartamento,3.0,3.5,719,0.28,,4701,3168,7450
PRAÇA SECA,Apartamento,2.0,2.5,682,8.50,1.47,2814,2298,3625
PRAÇA SECA,Apartamento,2.5,3.0,682,4.25,0.29,2814,2184,3814
PRAÇA SECA,Apartamento,3.0,3.5,682,2.35,0.29,2814,2076,4012
SÃO FRANCISCO XAVIER,Apartamento,2.0,2.5,676,1.63,,3962,2695,6415
SÃO FRANCISCO XAVIER,Apartamento,2.5,3.0,676,0.30,,3962,2447,7064
SÃO FRANCISCO XAVIER,Apartamento,3.0,3.5,676,,,3962,2222,7779
CAMPO GRANDE,Casa,2.0,2.5,638,4.08,2.66,1981,1496,2816
CAMPO GRANDE,Casa,2.5,3.0,638,3.13,1.57,1981,1394,3021
CAMPO GRANDE,Casa,3.0,3.5,638,1.57,0.63,1981,1299,3241
LEME,Apartamento,2.0,2.5,621,1.61,14.98,10406,7797,14926
LEME,Apartamento,2.5,3.0,621,1.61,7.41,10406,7255,16043
LEME,Apartamento,3.0,3.5,621,,2.74,10406,6750,17243
GÁVEA,Apartamento,2.0,2.5,596,1.68,25.50,13323,9825,19495
GÁVEA,Apartamento,2.5,3.0,596,,13.93,13323,9104,21037
GÁVEA,Apartamento,3.0,3.5,596,,3.86,13323,8437,22702
JARDIM GUANABARA,Apartamento,2.0,2.5,541,3.33,0.37,4748,3414,7169
JARDIM GUANABARA,Apartamento,2.5,3.0,541,1.48,,4748,3144,7785
JARDIM GUANABARA,Apartamento,3.0,3.5,541,,,4748,2895,8454
SANTO CRISTO,Apartamento,2.0,2.5,514,,17.70,4111,2383,8128
SANTO CRISTO,Apartamento,2.5,3.0,514,,,4111,2080,9315
SANTO CRISTO,Apartamento,3.0,3.5,514,,,4111,1815,10675
VILA DA PENHA,Apartamento,2.0,2.5,492,1.83,,4365,2782,7666
VILA DA PENHA,Apartamento,2.5,3.0,492,,,4365,2485,8580
VILA DA PENHA,Apartamento,3.0,3.5,492,,,4365,2221,9603
JARDIM BOTÂNICO,Apartamento,2.0,2.5,474,4.64,2.11,13547,10201,19311
JARDIM BOTÂNICO,Apartamento,2.5,3.0,474,2.53,1.27,13547,9503,20731
JARDIM BOTÂNICO,Apartamento,3.0,3.5,474,2.11,,13547,8852,22254
HUMAITÁ,Apartamento,2.0,2.5,451,2.22,4.21,10577,8593,13711
HUMAITÁ,Apartamento,2.5,3.0,451,0.44,3.77,10577,8159,14442
HUMAITÁ,Apartamento,3.0,3.5,451,,3.10,10577,7746,15212
SÃO CONRADO,Apartamento,2.0,2.5,420,4.29,18.10,9698,6965,14668
SÃO CONRADO,Apartamento,2.5,3.0,420,1.43,18.10,9698,6412,15934
SÃO CONRADO,Apartamento,3.0,3.5,420,1.43,18.10,9698,5902,17309
BARRA OLÍMPICA,Apartamento,2.0,2.5,411,14.11,,8280,6523,11156
BARRA OLÍMPICA,Apartamento,2.5,3.0,411,8.76,,8280,6145,11842
BARRA OLÍMPICA,Apartamento,3.0,3.5,411,3.89,,8280,5789,12570
CENTRO,Apartamento,2.0,2.5,391,1.28,4.86,5033,3371,8307
CENTRO,Apartamento,2.5,3.0,391,0.77,1.02,5033,3049,9182
CENTRO,Apartamento,3.0,3.5,391,0.77,,5033,2759,10150
VILA VALQUEIRE,Apartamento,2.0,2.5,350,2.86,,3928,2310,7628
VILA VALQUEIRE,Apartamento,2.5,3.0,350,,,3928,2023,8711
VILA VALQUEIRE,Apartamento,3.0,3.5,350,,,3928,1772,9948
ENGENHO NOVO,Apartamento,2.0,2.5,331,3.63,0.60,3085,2407,4208
ENGENHO NOVO,Apartamento,2.5,3.0,331,2.42,0.60,3085,2262,4477
ENGENHO NOVO,Apartamento,3.0,3.5,331,1.21,,3085,2126,4764
LINS DE VASCONCELOS,Apartamento,2.0,2.5,330,1.82,7.27,3369,2452,5012
LINS DE VASCONCELOS,Apartamento,2.5,3.0,330,0.61,2.42,3369,2265,5427
LINS DE VASCONCELOS,Apartamento,3.0,3.5,330,0.61,2.42,3369,2092,5875
VARGEM GRANDE,Apartamento,2.0,2.5,320,2.50,12.50,5040,4746,5435
VARGEM GRANDE,Apartamento,2.5,3.0,320,1.88,8.13,5040,4675,5517
VARGEM GRANDE,Apartamento,3.0,3.5,320,1.88,7.50,5040,4605,5601
PENHA,Apartamento,2.0,2.5,312,,,3867,2116,8215
PENHA,Apartamento,2.5,3.0,312,,,3867,1820,9551
PENHA,Apartamento,3.0,3.5,312,,,3867,1566,11104
VARGEM PEQUENA,Apartamento,2.0,2.5,296,,5.74,4494,3718,5694
VARGEM PEQUENA,Apartamento,2.5,3.0,296,,5.74,4494,3546,5971
VARGEM PEQUENA,Apartamento,3.0,3.5,296,,,4494,3382,6260
BARRA DA TIJUCA,Casa,2.0,2.5,294,2.04,,7411,4782,12815
BARRA DA TIJUCA,Casa,2.5,3.0,294,1.36,,7411,4286,14299
BARRA DA TIJUCA,Casa,3.0,3.5,294,1.36,,7411,3841,15954
RECREIO DOS BANDEIRANTES,Casa,2.0,2.5,292,9.25,3.77,5347,4532,6576
RECREIO DOS BANDEIRANTES,Casa,2.5,3.0,292,2.40,,5347,4349,6853
RECREIO DOS BANDEIRANTES,Casa,3.0,3.5,292,1.71,,5347,4173,7142
CURICICA,Apartamento,2.0,2.5,252,9.92,,6292,4032,10974
CURICICA,Apartamento,2.5,3.0,252,0.79,,6292,3607,12265
CURICICA,Apartamento,3.0,3.5,252,,,6292,3227,13709
GUARATIBA,Casa,2.0,2.5,240,0.83,0.83,1704,1240,2534
GUARATIBA,Casa,2.5,3.0,240,,,1704,1145,2744
GUARATIBA,Casa,3.0,3.5,240,,,1704,1058,2971
RIO COMPRIDO,Apartamento,2.0,2.5,238,,,3801,2070,8123
RIO COMPRIDO,Apartamento,2.5,3.0,238,,,3801,1778,9455
RIO COMPRIDO,Apartamento,3.0,3.5,238,,,3801,1528,11006
GLÓRIA,Apartamento,2.0,2.5,227,,12.78,7359,5326,11023
GLÓRIA,Apartamento,2.5,3.0,227,,2.20,7359,4912,11951
GLÓRIA,Apartamento,3.0,3.5,227,,2.20,7359,4531,12958
PARADA DE LUCAS,Apartamento,2.0,2.5,227,4.85,1.32,3344,2366,5152
PARADA DE LUCAS,Apartamento,2.5,3.0,227,4.85,,3344,2170,5618
PARADA DE LUCAS,Apartamento,3.0,3.5,227,3.96,,3344,1991,6125
BONSUCESSO,Apartamento,2.0,2.5,218,,,3359,2022,6335
BONSUCESSO,Apartamento,2.5,3.0,218,,,3359,1781,7193
BONSUCESSO,Apartamento,3.0,3.5,218,,,3359,1568,8166
MARECHAL HERMES,Apartamento,2.0,2.5,211,3.79,0.95,3930,3369,4765
MARECHAL HERMES,Apartamento,2.5,3.0,211,3.79,,3930,3242,4952
MARECHAL HERMES,Apartamento,3.0,3.5,211,3.79,,3930,3120,5146
VARGEM PEQUENA,Casa,2.0,2.5,181,22.65,,3841,2395,6932
VARGEM PEQUENA,Casa,2.5,3.0,181,1.66,,3841,2128,7801
VARGEM PEQUENA,Casa,3.0,3.5,181,1.66,,3841,1891,8778
COLÉGIO,Apartamento,2.0,2.5,174,5.75,,3394,2806,4306
COLÉGIO,Apartamento,2.5,3.0,174,4.02,,3394,2676,4515
COLÉGIO,Apartamento,3.0,3.5,174,1.15,,3394,2552,4735
SÃO CRISTÓVÃO,Apartamento,2.0,2.5,173,3.47,,5693,3623,10014
SÃO CRISTÓVÃO,Apartamento,2.5,3.0,173,1.16,,5693,3236,11211
SÃO CRISTÓVÃO,Apartamento,3.0,3.5,173,,,5693,2891,12551
TANQUE,Apartamento,2.0,2.5,173,,,3560,2435,5725
TANQUE,Apartamento,2.5,3.0,173,,,3560,2214,6295
TANQUE,Apartamento,3.0,3.5,173,,,3560,2013,6923
INHOAÍBA,Apartamento,2.0,2.5,171,2.34,1.17,2518,2128,3108
INHOAÍBA,Apartamento,2.5,3.0,171,1.17,,2518,2041,3242
INHOAÍBA,Apartamento,3.0,3.5,171,1.17,,2518,1957,3381
VICENTE DE CARVALHO,Apartamento,2.0,2.5,164,9.15,,3971,2900,5882
VICENTE DE CARVALHO,Apartamento,2.5,3.0,164,2.44,,3971,2681,6363
VICENTE DE CARVALHO,Apartamento,3.0,3.5,164,1.22,,3971,2478,6883
PENHA CIRCULAR,Apartamento,2.0,2.5,160,,,3051,2203,4583
PENHA CIRCULAR,Apartamento,2.5,3.0,160,,,3051,2031,4972
PENHA CIRCULAR,Apartamento,3.0,3.5,160,,,3051,1872,5393
PIEDADE,Apartamento,2.0,2.5,156,10.26,,3679,2632,5590
PIEDADE,Apartamento,2.5,3.0,156,5.13,,3679,2421,6078
PIEDADE,Apartamento,3.0,3.5,156,2.56,,3679,2226,6608
PRAÇA DA BANDEIRA,Apartamento,2.0,2.5,156,1.28,,5182,3729,7819
PRAÇA DA BANDEIRA,Apartamento,2.5,3.0,156,,,5182,3434,8489
PRAÇA DA BANDEIRA,Apartamento,3.0,3.5,156,,,5182,3163,9217
CAMPO DOS AFONSOS,Apartamento,2.0,2.5,154,3.25,,4123,3310,5427
CAMPO DOS AFONSOS,Apartamento,2.5,3.0,154,3.25,,4123,3133,5734
CAMPO DOS AFONSOS,Apartamento,3.0,3.5,154,3.25,,4123,2965,6058
SANTA CRUZ,Apartamento,2.0,2.5,154,5.19,,2999,2388,3986
SANTA CRUZ,Apartamento,2.5,3.0,154,1.30,,2999,2256,4220
SANTA CRUZ,Apartamento,3.0,3.5,154,1.30,,2999,2131,4467
JARDIM SULACAP,Apartamento,2.0,2.5,146,4.11,,3761,2943,5111
JARDIM SULACAP,Apartamento,2.5,3.0,146,1.37,,3761,2768,5435
JARDIM SULACAP,Apartamento,3.0,3.5,146,1.37,,3761,2603,5778
OLARIA,Apartamento,2.0,2.5,143,,,3160,1958,5746
OLARIA,Apartamento,2.5,3.0,143,,,3160,1738,6475
OLARIA,Apartamento,3.0,3.5,143,,,3160,1542,7298
FREGUESIA (ILHA),Apartamento,2.0,2.5,132,,,3703,2424,6286
FREGUESIA (ILHA),Apartamento,2.5,3.0,132,,,3703,2181,6988
FREGUESIA (ILHA),Apartamento,3.0,3.5,132,,,3703,1962,7769
BANGU,Casa,2.0,2.5,131,1.53,7.63,1913,1223,3349
BANGU,Casa,2.5,3.0,131,,,1913,1093,3746
BANGU,Casa,3.0,3.5,131,,,1913,977,4189
RAMOS,Apartamento,2.0,2.5,131,,,3529,2001,7171
RAMOS,Apartamento,2.5,3.0,131,,,3529,1736,8264
RAMOS,Apartamento,3.0,3.5,131,,,3529,1507,9524
MADUREIRA,Apartamento,2.0,2.5,130,,,3014,1698,6176
MADUREIRA,Apartamento,2.5,3.0,130,,,3014,1471,7128
MADUREIRA,Apartamento,3.0,3.5,130,,,3014,1275,8228
SANTA TERESA,Apartamento,2.0,2.5,127,,1.57,4095,2629,7128
SANTA TERESA,Apartamento,2.5,3.0,127,,,4095,2353,7963
SANTA TERESA,Apartamento,3.0,3.5,127,,,4095,2106,8897
ÁGUA SANTA,Apartamento,2.0,2.5,123,5.69,4.07,3190,2664,3996
ÁGUA SANTA,Apartamento,2.5,3.0,123,5.69,4.07,3190,2546,4181
ÁGUA SANTA,Apartamento,3.0,3.5,123,4.07,4.07,3190,2434,4373
FREGUESIA (JACAREPAGUÁ),Casa,2.0,2.5,112,3.57,,3408,1863,7250
FREGUESIA (JACAREPAGUÁ),Casa,2.5,3.0,112,1.79,,3408,1602,8432
FREGUESIA (JACAREPAGUÁ),Casa,3.0,3.5,112,,,3408,1378,9805
RIACHUELO,Apartamento,2.0,2.5,112,3.57,2.68,3237,2333,4873
RIACHUELO,Apartamento,2.5,3.0,112,,2.68,3237,2150,5288
RIACHUELO,Apartamento,3.0,3.5,112,,,3237,1981,5739
BRÁS DE PINA,Apartamento,2.0,2.5,108,5.56,,3610,2423,5944
BRÁS DE PINA,Apartamento,2.5,3.0,108,1.85,,3610,2193,6568
BRÁS DE PINA,Apartamento,3.0,3.5,108,,,3610,1985,7257
GUARATIBA,Apartamento,2.0,2.5,99,2.02,2.02,2586,1968,3638
GUARATIBA,Apartamento,2.5,3.0,99,2.02,2.02,2586,1838,3895
GUARATIBA,Apartamento,3.0,3.5,99,2.02,,2586,1717,4170
QUINTINO BOCAIÚVA,Apartamento,2.0,2.5,97,12.37,,3359,2504,4851
QUINTINO BOCAIÚVA,Apartamento,2.5,3.0,97,10.31,,3359,2327,5220
QUINTINO BOCAIÚVA,Apartamento,3.0,3.5,97,6.19,,3359,2162,5618
TAQUARA,Casa,2.0,2.5,96,,,2574,1603,4654
TAQUARA,Casa,2.5,3.0,96,,,2574,1424,5239
TAQUARA,Casa,3.0,3.5,96,,,2574,1265,5898
BANGU,Apartamento,2.0,2.5,94,8.51,,3232,2407,4673
BANGU,Apartamento,2.5,3.0,94,4.26,,3232,2235,5031
BANGU,Apartamento,3.0,3.5,94,,,3232,2077,5416
COPACABANA,Comercial,2.0,2.5,92,7.61,,6051,4814,8052
COPACABANA,Comercial,2.5,3.0,92,,,6051,4547,8525
COPACABANA,Comercial,3.0,3.5,92,,,6051,4294,9027
VARGEM GRANDE,Casa,2.0,2.5,88,4.55,,3651,2787,5116
VARGEM GRANDE,Casa,2.5,3.0,88,2.27,,3651,2605,5473
VARGEM GRANDE,Casa,3.0,3.5,88,,,3651,2435,5855
PRAÇA SECA,Casa,2.0,2.5,86,,3.49,1549,1094,2390
PRAÇA SECA,Casa,2.5,3.0,86,,3.49,1549,1003,2607
PRAÇA SECA,Casa,3.0,3.5,86,,3.49,1549,920,2843
REALENGO,Apartamento,2.0,2.5,86,2.33,,2676,2061,3709
REALENGO,Apartamento,2.5,3.0,86,2.33,,2676,1931,3959
REALENGO,Apartamento,3.0,3.5,86,2.33,,2676,1809,4226
TAUÁ,Apartamento,2.0,2.5,84,2.38,,3581,2505,5599
TAUÁ,Apartamento,2.5,3.0,84,,,3581,2290,6122
TAUÁ,Apartamento,3.0,3.5,84,,,3581,2095,6694
PECHINCHA,Casa,2.0,2.5,79,8.86,,2622,1553,5049
PECHINCHA,Casa,2.5,3.0,79,2.53,,2622,1362,5756
PECHINCHA,Casa,3.0,3.5,79,,,2622,1195,6562
COSME VELHO,Apartamento,2.0,2.5,77,2.60,,9279,7536,12036
COSME VELHO,Apartamento,2.5,3.0,77,,,9279,7154,12678
COSME VELHO,Apartamento,3.0,3.5,77,,,9279,6791,13355
MONERÓ,Apartamento,2.0,2.5,73,,,4125,2624,7260
MONERÓ,Apartamento,2.5,3.0,73,,,4125,2343,8129
MONERÓ,Apartamento,3.0,3.5,73,,,4125,2093,9102
COSMOS,Apartamento,2.0,2.5,72,13.89,5.56,2445,2311,2623
COSMOS,Apartamento,2.5,3.0,72,11.11,,2445,2279,2660
COSMOS,Apartamento,3.0,3.5,72,11.11,,2445,2247,2698
CASCADURA,Apartamento,2.0,2.5,71,11.27,,3386,2364,5303
CASCADURA,Apartamento,2.5,3.0,71,5.63,,3386,2161,5801
CASCADURA,Apartamento,3.0,3.5,71,,,3386,1976,6346
HIGIENÓPOLIS,Apartamento,2.0,2.5,69,7.25,7.25,2939,2308,3976
HIGIENÓPOLIS,Apartamento,2.5,3.0,69,7.25,4.35,2939,2172,4224
HIGIENÓPOLIS,Apartamento,3.0,3.5,69,,4.35,2939,2045,4487
RIBEIRA,Apartamento,2.0,2.5,69,2.90,,4453,2461,9346
RIBEIRA,Apartamento,2.5,3.0,69,,,4453,2122,10839
RIBEIRA,Apartamento,3.0,3.5,69,,,4453,1830,12571
VAZ LOBO,Apartamento,2.0,2.5,66,6.06,,2880,2321,3772
VAZ LOBO,Apartamento,2.5,3.0,66,,,2880,2199,3981
VAZ LOBO,Apartamento,3.0,3.5,66,,,2880,2084,4202
PORTUGUESA,Apartamento,2.0,2.5,65,3.08,6.15,3784,2915,5241
PORTUGUESA,Apartamento,2.5,3.0,65,3.08,6.15,3784,2731,5594
PORTUGUESA,Apartamento,3.0,3.5,65,,,3784,2559,5971
ROCHA,Apartamento,2.0,2.5,64,3.13,12.50,2841,2207,3896
ROCHA,Apartamento,2.5,3.0,64,,6.25,2841,2072,4149
ROCHA,Apartamento,3.0,3.5,64,,6.25,2841,1945,4420
TIJUCA,Casa,2.0,2.5,63,3.17,,4500,3244,6776
TIJUCA,Casa,2.5,3.0,63,3.17,,4500,2989,7354
TIJUCA,Casa,3.0,3.5,63,3.17,,4500,2754,7981
JARDIM CARIOCA,Apartamento,2.0,2.5,57,14.04,,4093,3132,5720
JARDIM CARIOCA,Apartamento,2.5,3.0,57,10.53,,4093,2929,6116
JARDIM CARIOCA,Apartamento,3.0,3.5,57,10.53,,4093,2740,6539
URCA,Apartamento,2.0,2.5,56,,,13245,9960,18916
URCA,Apartamento,2.5,3.0,56,,,13245,9275,20313
URCA,Apartamento,3.0,3.5,56,,,13245,8637,21813
VILA ISABEL,Casa,2.0,2.5,56,,7.14,3196,2100,5402
VILA ISABEL,Casa,2.5,3.0,56,,3.57,3196,1890,6000
VILA ISABEL,Casa,3.0,3.5,56,,3.57,3196,1702,6664
MARIA DA GRAÇA,Apartamento,2.0,2.5,54,3.70,,3085,2365,4301
MARIA DA GRAÇA,Apartamento,2.5,3.0,54,,,3085,2213,4596
MARIA DA GRAÇA,Apartamento,3.0,3.5,54,,,3085,2071,4912
GARDÊNIA AZUL,Apartamento,2.0,2.5,53,28.30,7.55,3079,2913,3298
GARDÊNIA AZUL,Apartamento,2.5,3.0,53,11.32,7.55,3079,2873,3344
GARDÊNIA AZUL,Apartamento,3.0,3.5,53,7.55,7.55,3079,2834,3391
IRAJÁ,Casa,2.0,2.5,53,,,2184,1030,5588
IRAJÁ,Casa,2.5,3.0,53,,,2184,853,6743
IRAJÁ,Casa,3.0,3.5,53,,,2184,707,8137
BOTAFOGO,Casa,2.0,2.5,52,,,5964,3996,9838
BOTAFOGO,Casa,2.5,3.0,52,,,5964,3615,10874
BOTAFOGO,Casa,3.0,3.5,52,,,5964,3271,12019
VILA VALQUEIRE,Casa,2.0,2.5,51,5.88,,2374,1229,5404
VILA VALQUEIRE,Casa,2.5,3.0,51,5.88,,2374,1043,6370
VILA VALQUEIRE,Casa,3.0,3.5,51,,,2374,885,7510
