bairro,tipologia,k_inf,k_sup,pct_corte_baixo,pct_corte_alto,escrituras
ABOLIÇÃO,Apartamento,2.0,2.5,0.00,0.00,25
ABOLIÇÃO,Apartamento,2.5,3.0,0.00,0.00,25
ABOLIÇÃO,Apartamento,3.0,3.5,0.00,0.00,25
ABOLIÇÃO,Casa,2.0,2.5,0.00,0.00,4
ABOLIÇÃO,Casa,2.5,3.0,0.00,0.00,4
ABOLIÇÃO,Casa,3.0,3.5,0.00,0.00,4
ÁGUA SANTA,Apartamento,2.0,2.5,3.77,0.00,53
ÁGUA SANTA,Apartamento,2.5,3.0,0.00,0.00,53
ÁGUA SANTA,Apartamento,3.0,3.5,0.00,0.00,53
ALTO DA BOA VISTA,Apartamento,2.0,2.5,0.00,33.33,6
ALTO DA BOA VISTA,Apartamento,2.5,3.0,0.00,33.33,6
ALTO DA BOA VISTA,Apartamento,3.0,3.5,0.00,33.33,6
ANCHIETA,Apartamento,2.0,2.5,0.00,0.00,6
ANCHIETA,Apartamento,2.5,3.0,0.00,0.00,6
ANCHIETA,Apartamento,3.0,3.5,0.00,0.00,6
ANCHIETA,Casa,2.0,2.5,0.00,0.00,2
ANCHIETA,Casa,2.5,3.0,0.00,0.00,2
ANCHIETA,Casa,3.0,3.5,0.00,0.00,2
ANDARAÍ,Apartamento,2.0,2.5,7.85,0.00,573
ANDARAÍ,Apartamento,2.5,3.0,4.89,0.00,573
ANDARAÍ,Apartamento,3.0,3.5,2.27,0.00,573
ANDARAÍ,Casa,2.0,2.5,15.38,0.00,13
ANDARAÍ,Casa,2.5,3.0,15.38,0.00,13
ANDARAÍ,Casa,3.0,3.5,15.38,0.00,13
ANIL,Apartamento,2.0,2.5,3.34,0.00,389
ANIL,Apartamento,2.5,3.0,1.80,0.00,389
ANIL,Apartamento,3.0,3.5,1.29,0.00,389
ANIL,Casa,2.0,2.5,0.00,0.00,32
ANIL,Casa,2.5,3.0,0.00,0.00,32
ANIL,Casa,3.0,3.5,0.00,0.00,32
BANCÁRIOS,Apartamento,2.0,2.5,11.76,0.00,17
BANCÁRIOS,Apartamento,2.5,3.0,0.00,0.00,17
BANCÁRIOS,Apartamento,3.0,3.5,0.00,0.00,17
BANCÁRIOS,Casa,2.0,2.5,0.00,0.00,9
BANCÁRIOS,Casa,2.5,3.0,0.00,0.00,9
BANCÁRIOS,Casa,3.0,3.5,0.00,0.00,9
BANGU,Apartamento,2.0,2.5,16.42,0.00,67
BANGU,Apartamento,2.5,3.0,8.96,0.00,67
BANGU,Apartamento,3.0,3.5,8.96,0.00,67
BANGU,Casa,2.0,2.5,2.22,11.11,90
BANGU,Casa,2.5,3.0,2.22,11.11,90
BANGU,Casa,3.0,3.5,0.00,0.00,90
BARRA DA TIJUCA,Apartamento,2.0,2.5,2.23,9.05,6408
BARRA DA TIJUCA,Apartamento,2.5,3.0,0.33,3.31,6408
BARRA DA TIJUCA,Apartamento,3.0,3.5,0.00,0.97,6408
BARRA DA TIJUCA,Casa,2.0,2.5,1.19,0.00,168
BARRA DA TIJUCA,Casa,2.5,3.0,1.19,0.00,168
BARRA DA TIJUCA,Casa,3.0,3.5,0.00,0.00,168
BARRA OLÍMPICA,Apartamento,2.0,2.5,15.83,0.00,581
BARRA OLÍMPICA,Apartamento,2.5,3.0,8.09,0.00,581
BARRA OLÍMPICA,Apartamento,3.0,3.5,7.06,0.00,581
BENFICA,Apartamento,2.0,2.5,0.00,0.00,17
BENFICA,Apartamento,2.5,3.0,0.00,0.00,17
BENFICA,Apartamento,3.0,3.5,0.00,0.00,17
BENFICA,Casa,2.0,2.5,0.00,0.00,2
BENFICA,Casa,2.5,3.0,0.00,0.00,2
BENFICA,Casa,3.0,3.5,0.00,0.00,2
BENTO RIBEIRO,Apartamento,2.0,2.5,13.33,0.00,15
BENTO RIBEIRO,Apartamento,2.5,3.0,13.33,0.00,15
BENTO RIBEIRO,Apartamento,3.0,3.5,13.33,0.00,15
BENTO RIBEIRO,Casa,2.0,2.5,0.00,0.00,22
BENTO RIBEIRO,Casa,2.5,3.0,0.00,0.00,22
BENTO RIBEIRO,Casa,3.0,3.5,0.00,0.00,22
BONSUCESSO,Apartamento,2.0,2.5,0.00,0.00,167
BONSUCESSO,Apartamento,2.5,3.0,0.00,0.00,167
BONSUCESSO,Apartamento,3.0,3.5,0.00,0.00,167
BONSUCESSO,Casa,2.0,2.5,0.00,0.00,10
BONSUCESSO,Casa,2.5,3.0,0.00,0.00,10
BONSUCESSO,Casa,3.0,3.5,0.00,0.00,10
BOTAFOGO,Apartamento,2.0,2.5,0.92,2.24,3036
BOTAFOGO,Apartamento,2.5,3.0,0.26,0.26,3036
BOTAFOGO,Apartamento,3.0,3.5,0.13,0.00,3036
BOTAFOGO,Casa,2.0,2.5,6.25,9.38,32
BOTAFOGO,Casa,2.5,3.0,0.00,9.38,32
BOTAFOGO,Casa,3.0,3.5,0.00,9.38,32
BOTAFOGO,Comercial,2.0,2.5,0.00,0.00,4
BOTAFOGO,Comercial,2.5,3.0,0.00,0.00,4
BOTAFOGO,Comercial,3.0,3.5,0.00,0.00,4
BRÁS DE PINA,Apartamento,2.0,2.5,3.28,0.00,61
BRÁS DE PINA,Apartamento,2.5,3.0,3.28,0.00,61
BRÁS DE PINA,Apartamento,3.0,3.5,0.00,0.00,61
BRÁS DE PINA,Casa,2.0,2.5,10.53,0.00,19
BRÁS DE PINA,Casa,2.5,3.0,0.00,0.00,19
BRÁS DE PINA,Casa,3.0,3.5,0.00,0.00,19
CACHAMBI,Apartamento,2.0,2.5,3.59,0.00,864
CACHAMBI,Apartamento,2.5,3.0,0.81,0.00,864
CACHAMBI,Apartamento,3.0,3.5,0.81,0.00,864
CACHAMBI,Casa,2.0,2.5,0.00,0.00,19
CACHAMBI,Casa,2.5,3.0,0.00,0.00,19
CACHAMBI,Casa,3.0,3.5,0.00,0.00,19
CACUIA,Apartamento,2.0,2.5,0.00,0.00,10
CACUIA,Apartamento,2.5,3.0,0.00,0.00,10
CACUIA,Apartamento,3.0,3.5,0.00,0.00,10
CACUIA,Casa,2.0,2.5,0.00,0.00,6
CACUIA,Casa,2.5,3.0,0.00,0.00,6
CACUIA,Casa,3.0,3.5,0.00,0.00,6
CAJU,Apartamento,2.0,2.5,0.00,0.00,2
CAJU,Apartamento,2.5,3.0,0.00,0.00,2
CAJU,Apartamento,3.0,3.5,0.00,0.00,2
CAMORIM,Apartamento,2.0,2.5,0.00,0.00,1792
CAMORIM,Apartamento,2.5,3.0,0.00,0.00,1792
CAMORIM,Apartamento,3.0,3.5,0.00,0.00,1792
CAMPINHO,Apartamento,2.0,2.5,8.33,0.00,24
CAMPINHO,Apartamento,2.5,3.0,0.00,0.00,24
CAMPINHO,Apartamento,3.0,3.5,0.00,0.00,24
CAMPINHO,Casa,2.0,2.5,0.00,0.00,4
CAMPINHO,Casa,2.5,3.0,0.00,0.00,4
CAMPINHO,Casa,3.0,3.5,0.00,0.00,4
CAMPO DOS AFONSOS,Apartamento,2.0,2.5,4.49,0.00,156
CAMPO DOS AFONSOS,Apartamento,2.5,3.0,4.49,0.00,156
CAMPO DOS AFONSOS,Apartamento,3.0,3.5,1.28,0.00,156
CAMPO GRANDE,Apartamento,2.0,2.5,7.17,0.00,1352
CAMPO GRANDE,Apartamento,2.5,3.0,2.00,0.00,1352
CAMPO GRANDE,Apartamento,3.0,3.5,0.89,0.00,1352
CAMPO GRANDE,Casa,2.0,2.5,4.92,1.09,366
CAMPO GRANDE,Casa,2.5,3.0,3.28,0.00,366
CAMPO GRANDE,Casa,3.0,3.5,3.28,0.00,366
CASCADURA,Apartamento,2.0,2.5,16.67,0.00,48
CASCADURA,Apartamento,2.5,3.0,8.33,0.00,48
CASCADURA,Apartamento,3.0,3.5,4.17,0.00,48
CASCADURA,Casa,2.0,2.5,0.00,0.00,2
CASCADURA,Casa,2.5,3.0,0.00,0.00,2
CASCADURA,Casa,3.0,3.5,0.00,0.00,2
CATETE,Apartamento,2.0,2.5,2.95,0.30,677
CATETE,Apartamento,2.5,3.0,2.22,0.00,677
CATETE,Apartamento,3.0,3.5,0.30,0.00,677
CATETE,Comercial,2.0,2.5,0.00,0.00,19
CATETE,Comercial,2.5,3.0,0.00,0.00,19
CATETE,Comercial,3.0,3.5,0.00,0.00,19
CATUMBI,Apartamento,2.0,2.5,0.00,23.53,17
CATUMBI,Apartamento,2.5,3.0,0.00,23.53,17
CATUMBI,Apartamento,3.0,3.5,0.00,23.53,17
CATUMBI,Casa,2.0,2.5,0.00,22.22,9
CATUMBI,Casa,2.5,3.0,0.00,22.22,9
CATUMBI,Casa,3.0,3.5,0.00,22.22,9
CAVALCANTI,Apartamento,2.0,2.5,0.00,30.00,10
CAVALCANTI,Apartamento,2.5,3.0,0.00,30.00,10
CAVALCANTI,Apartamento,3.0,3.5,0.00,30.00,10
CENTRO,Apartamento,2.0,2.5,0.15,5.32,1316
CENTRO,Apartamento,2.5,3.0,0.00,3.27,1316
CENTRO,Apartamento,3.0,3.5,0.00,0.00,1316
CENTRO,Casa,2.0,2.5,0.00,0.00,4
CENTRO,Casa,2.5,3.0,0.00,0.00,4
CENTRO,Casa,3.0,3.5,0.00,0.00,4
CENTRO,Comercial,2.0,2.5,0.00,16.67,24
CENTRO,Comercial,2.5,3.0,0.00,8.33,24
CENTRO,Comercial,3.0,3.5,0.00,8.33,24
CIDADE DE DEUS,Apartamento,2.0,2.5,0.00,0.00,4
CIDADE DE DEUS,Apartamento,2.5,3.0,0.00,0.00,4
CIDADE DE DEUS,Apartamento,3.0,3.5,0.00,0.00,4
CIDADE DE DEUS,Casa,2.0,2.5,0.00,0.00,5
CIDADE DE DEUS,Casa,2.5,3.0,0.00,0.00,5
CIDADE DE DEUS,Casa,3.0,3.5,0.00,0.00,5
CIDADE NOVA,Apartamento,2.0,2.5,0.00,25.00,8
CIDADE NOVA,Apartamento,2.5,3.0,0.00,0.00,8
CIDADE NOVA,Apartamento,3.0,3.5,0.00,0.00,8
COCOTÁ,Apartamento,2.0,2.5,27.78,0.00,18
COCOTÁ,Apartamento,2.5,3.0,16.67,0.00,18
COCOTÁ,Apartamento,3.0,3.5,16.67,0.00,18
COCOTÁ,Casa,2.0,2.5,0.00,0.00,2
COCOTÁ,Casa,2.5,3.0,0.00,0.00,2
COCOTÁ,Casa,3.0,3.5,0.00,0.00,2
COELHO NETO,Apartamento,2.0,2.5,0.00,0.00,2
COELHO NETO,Apartamento,2.5,3.0,0.00,0.00,2
COELHO NETO,Apartamento,3.0,3.5,0.00,0.00,2
COELHO NETO,Casa,2.0,2.5,0.00,0.00,5
COELHO NETO,Casa,2.5,3.0,0.00,0.00,5
COELHO NETO,Casa,3.0,3.5,0.00,0.00,5
COLÉGIO,Apartamento,2.0,2.5,16.67,0.00,24
COLÉGIO,Apartamento,2.5,3.0,16.67,0.00,24
COLÉGIO,Apartamento,3.0,3.5,16.67,0.00,24
COPACABANA,Apartamento,2.0,2.5,8.28,5.58,6822
COPACABANA,Apartamento,2.5,3.0,4.09,5.17,6822
COPACABANA,Apartamento,3.0,3.5,2.98,4.29,6822
COPACABANA,Casa,2.0,2.5,0.00,0.00,2
COPACABANA,Casa,2.5,3.0,0.00,0.00,2
COPACABANA,Casa,3.0,3.5,0.00,0.00,2
COPACABANA,Comercial,2.0,2.5,25.35,0.00,71
COPACABANA,Comercial,2.5,3.0,9.86,0.00,71
COPACABANA,Comercial,3.0,3.5,0.00,0.00,71
CORDOVIL,Apartamento,2.0,2.5,0.00,0.00,10
CORDOVIL,Apartamento,2.5,3.0,0.00,0.00,10
CORDOVIL,Apartamento,3.0,3.5,0.00,0.00,10
CORDOVIL,Casa,2.0,2.5,0.00,0.00,6
CORDOVIL,Casa,2.5,3.0,0.00,0.00,6
CORDOVIL,Casa,3.0,3.5,0.00,0.00,6
COSME VELHO,Apartamento,2.0,2.5,9.68,0.00,62
COSME VELHO,Apartamento,2.5,3.0,6.45,0.00,62
COSME VELHO,Apartamento,3.0,3.5,6.45,0.00,62
COSME VELHO,Casa,2.0,2.5,0.00,0.00,2
COSME VELHO,Casa,2.5,3.0,0.00,0.00,2
COSME VELHO,Casa,3.0,3.5,0.00,0.00,2
COSMOS,Apartamento,2.0,2.5,2.08,0.00,144
COSMOS,Apartamento,2.5,3.0,0.00,0.00,144
COSMOS,Apartamento,3.0,3.5,0.00,0.00,144
COSMOS,Casa,2.0,2.5,0.00,0.00,55
COSMOS,Casa,2.5,3.0,0.00,0.00,55
COSMOS,Casa,3.0,3.5,0.00,0.00,55
CURICICA,Apartamento,2.0,2.5,13.23,0.00,257
CURICICA,Apartamento,2.5,3.0,13.23,0.00,257
CURICICA,Apartamento,3.0,3.5,12.45,0.00,257
CURICICA,Casa,2.0,2.5,0.00,0.00,15
CURICICA,Casa,2.5,3.0,0.00,0.00,15
CURICICA,Casa,3.0,3.5,0.00,0.00,15
DEL CASTILHO,Apartamento,2.0,2.5,2.23,0.00,449
DEL CASTILHO,Apartamento,2.5,3.0,0.89,0.00,449
DEL CASTILHO,Apartamento,3.0,3.5,0.45,0.00,449
DEL CASTILHO,Casa,2.0,2.5,0.00,0.00,2
DEL CASTILHO,Casa,2.5,3.0,0.00,0.00,2
DEL CASTILHO,Casa,3.0,3.5,0.00,0.00,2
ENCANTADO,Apartamento,2.0,2.5,16.13,12.90,31
ENCANTADO,Apartamento,2.5,3.0,6.45,6.45,31
ENCANTADO,Apartamento,3.0,3.5,0.00,6.45,31
ENCANTADO,Casa,2.0,2.5,0.00,0.00,4
ENCANTADO,Casa,2.5,3.0,0.00,0.00,4
ENCANTADO,Casa,3.0,3.5,0.00,0.00,4
ENGENHO DA RAINHA,Apartamento,2.0,2.5,0.00,0.00,17
ENGENHO DA RAINHA,Apartamento,2.5,3.0,0.00,0.00,17
ENGENHO DA RAINHA,Apartamento,3.0,3.5,0.00,0.00,17
ENGENHO DA RAINHA,Casa,2.0,2.5,0.00,33.33,6
ENGENHO DA RAINHA,Casa,2.5,3.0,0.00,33.33,6
ENGENHO DA RAINHA,Casa,3.0,3.5,0.00,33.33,6
ENGENHO DE DENTRO,Apartamento,2.0,2.5,3.26,0.00,522
ENGENHO DE DENTRO,Apartamento,2.5,3.0,1.92,0.00,522
ENGENHO DE DENTRO,Apartamento,3.0,3.5,0.38,0.00,522
ENGENHO DE DENTRO,Casa,2.0,2.5,11.76,0.00,17
ENGENHO DE DENTRO,Casa,2.5,3.0,11.76,0.00,17
ENGENHO DE DENTRO,Casa,3.0,3.5,11.76,0.00,17
ENGENHO NOVO,Apartamento,2.0,2.5,3.70,0.93,216
ENGENHO NOVO,Apartamento,2.5,3.0,0.93,0.93,216
ENGENHO NOVO,Apartamento,3.0,3.5,0.00,0.00,216
ENGENHO NOVO,Casa,2.0,2.5,16.67,16.67,12
ENGENHO NOVO,Casa,2.5,3.0,16.67,16.67,12
ENGENHO NOVO,Casa,3.0,3.5,16.67,16.67,12
ESTÁCIO,Apartamento,2.0,2.5,0.00,0.00,54
ESTÁCIO,Apartamento,2.5,3.0,0.00,0.00,54
ESTÁCIO,Apartamento,3.0,3.5,0.00,0.00,54
ESTÁCIO,Casa,2.0,2.5,0.00,0.00,2
ESTÁCIO,Casa,2.5,3.0,0.00,0.00,2
ESTÁCIO,Casa,3.0,3.5,0.00,0.00,2
FLAMENGO,Apartamento,2.0,2.5,0.49,8.67,2052
FLAMENGO,Apartamento,2.5,3.0,0.24,5.95,2052
FLAMENGO,Apartamento,3.0,3.5,0.24,4.97,2052
FLAMENGO,Casa,2.0,2.5,0.00,0.00,4
FLAMENGO,Casa,2.5,3.0,0.00,0.00,4
FLAMENGO,Casa,3.0,3.5,0.00,0.00,4
FREGUESIA (ILHA),Apartamento,2.0,2.5,2.11,0.00,95
FREGUESIA (ILHA),Apartamento,2.5,3.0,2.11,0.00,95
FREGUESIA (ILHA),Apartamento,3.0,3.5,0.00,0.00,95
FREGUESIA (ILHA),Casa,2.0,2.5,0.00,0.00,8
FREGUESIA (ILHA),Casa,2.5,3.0,0.00,0.00,8
FREGUESIA (ILHA),Casa,3.0,3.5,0.00,0.00,8
FREGUESIA (JACAREPAGUÁ),Apartamento,2.0,2.5,1.63,0.00,1659
FREGUESIA (JACAREPAGUÁ),Apartamento,2.5,3.0,0.66,0.00,1659
FREGUESIA (JACAREPAGUÁ),Apartamento,3.0,3.5,0.18,0.00,1659
FREGUESIA (JACAREPAGUÁ),Casa,2.0,2.5,20.59,0.00,68
FREGUESIA (JACAREPAGUÁ),Casa,2.5,3.0,17.65,0.00,68
FREGUESIA (JACAREPAGUÁ),Casa,3.0,3.5,8.82,0.00,68
GAMBOA,Apartamento,2.0,2.5,0.00,0.00,15
GAMBOA,Apartamento,2.5,3.0,0.00,0.00,15
GAMBOA,Apartamento,3.0,3.5,0.00,0.00,15
GAMBOA,Casa,2.0,2.5,0.00,0.00,5
GAMBOA,Casa,2.5,3.0,0.00,0.00,5
GAMBOA,Casa,3.0,3.5,0.00,0.00,5
GARDÊNIA AZUL,Apartamento,2.0,2.5,0.00,0.00,4
GARDÊNIA AZUL,Apartamento,2.5,3.0,0.00,0.00,4
GARDÊNIA AZUL,Apartamento,3.0,3.5,0.00,0.00,4
GARDÊNIA AZUL,Casa,2.0,2.5,0.00,0.00,9
GARDÊNIA AZUL,Casa,2.5,3.0,0.00,0.00,9
GARDÊNIA AZUL,Casa,3.0,3.5,0.00,0.00,9
GÁVEA,Apartamento,2.0,2.5,1.39,4.57,503
GÁVEA,Apartamento,2.5,3.0,0.40,0.00,503
GÁVEA,Apartamento,3.0,3.5,0.00,0.00,503
GÁVEA,Casa,2.0,2.5,0.00,0.00,8
GÁVEA,Casa,2.5,3.0,0.00,0.00,8
GÁVEA,Casa,3.0,3.5,0.00,0.00,8
GLÓRIA,Apartamento,2.0,2.5,0.00,20.39,412
GLÓRIA,Apartamento,2.5,3.0,0.00,17.23,412
GLÓRIA,Apartamento,3.0,3.5,0.00,16.26,412
GRAJAÚ,Apartamento,2.0,2.5,5.51,0.00,472
GRAJAÚ,Apartamento,2.5,3.0,3.60,0.00,472
GRAJAÚ,Apartamento,3.0,3.5,1.48,0.00,472
GRAJAÚ,Casa,2.0,2.5,0.00,0.00,22
GRAJAÚ,Casa,2.5,3.0,0.00,0.00,22
GRAJAÚ,Casa,3.0,3.5,0.00,0.00,22
GUADALUPE,Apartamento,2.0,2.5,0.00,0.00,9
GUADALUPE,Apartamento,2.5,3.0,0.00,0.00,9
GUADALUPE,Apartamento,3.0,3.5,0.00,0.00,9
GUADALUPE,Casa,2.0,2.5,0.00,0.00,10
GUADALUPE,Casa,2.5,3.0,0.00,0.00,10
GUADALUPE,Casa,3.0,3.5,0.00,0.00,10
GUARATIBA,Apartamento,2.0,2.5,1.80,1.80,111
GUARATIBA,Apartamento,2.5,3.0,1.80,1.80,111
GUARATIBA,Apartamento,3.0,3.5,1.80,1.80,111
GUARATIBA,Casa,2.0,2.5,6.06,3.03,132
GUARATIBA,Casa,2.5,3.0,0.00,3.03,132
GUARATIBA,Casa,3.0,3.5,0.00,0.00,132
HIGIENÓPOLIS,Apartamento,2.0,2.5,9.09,7.27,55
HIGIENÓPOLIS,Apartamento,2.5,3.0,9.09,3.64,55
HIGIENÓPOLIS,Apartamento,3.0,3.5,9.09,0.00,55
HIGIENÓPOLIS,Casa,2.0,2.5,20.00,0.00,10
HIGIENÓPOLIS,Casa,2.5,3.0,20.00,0.00,10
HIGIENÓPOLIS,Casa,3.0,3.5,20.00,0.00,10
HONÓRIO GURGEL,Apartamento,2.0,2.5,0.00,28.57,7
HONÓRIO GURGEL,Apartamento,2.5,3.0,0.00,28.57,7
HONÓRIO GURGEL,Apartamento,3.0,3.5,0.00,28.57,7
HONÓRIO GURGEL,Casa,2.0,2.5,0.00,0.00,12
HONÓRIO GURGEL,Casa,2.5,3.0,0.00,0.00,12
HONÓRIO GURGEL,Casa,3.0,3.5,0.00,0.00,12
HUMAITÁ,Apartamento,2.0,2.5,1.69,8.17,355
HUMAITÁ,Apartamento,2.5,3.0,0.00,7.61,355
HUMAITÁ,Apartamento,3.0,3.5,0.00,5.92,355
HUMAITÁ,Casa,2.0,2.5,0.00,0.00,8
HUMAITÁ,Casa,2.5,3.0,0.00,0.00,8
HUMAITÁ,Casa,3.0,3.5,0.00,0.00,8
INHAÚMA,Apartamento,2.0,2.5,0.00,0.00,15
INHAÚMA,Apartamento,2.5,3.0,0.00,0.00,15
INHAÚMA,Apartamento,3.0,3.5,0.00,0.00,15
INHAÚMA,Casa,2.0,2.5,16.67,0.00,12
INHAÚMA,Casa,2.5,3.0,16.67,0.00,12
INHAÚMA,Casa,3.0,3.5,0.00,0.00,12
INHOAÍBA,Apartamento,2.0,2.5,8.16,0.00,98
INHOAÍBA,Apartamento,2.5,3.0,8.16,0.00,98
INHOAÍBA,Apartamento,3.0,3.5,8.16,0.00,98
INHOAÍBA,Casa,2.0,2.5,0.00,0.00,2
INHOAÍBA,Casa,2.5,3.0,0.00,0.00,2
INHOAÍBA,Casa,3.0,3.5,0.00,0.00,2
IPANEMA,Apartamento,2.0,2.5,1.56,4.94,2246
IPANEMA,Apartamento,2.5,3.0,1.20,2.23,2246
IPANEMA,Apartamento,3.0,3.5,0.22,0.85,2246
IPANEMA,Comercial,2.0,2.5,0.00,0.00,2
IPANEMA,Comercial,2.5,3.0,0.00,0.00,2
IPANEMA,Comercial,3.0,3.5,0.00,0.00,2
IRAJÁ,Apartamento,2.0,2.5,6.64,0.00,602
IRAJÁ,Apartamento,2.5,3.0,3.65,0.00,602
IRAJÁ,Apartamento,3.0,3.5,2.33,0.00,602
IRAJÁ,Casa,2.0,2.5,0.00,0.00,40
IRAJÁ,Casa,2.5,3.0,0.00,0.00,40
IRAJÁ,Casa,3.0,3.5,0.00,0.00,40
ITANHANGÁ,Apartamento,2.0,2.5,8.00,20.00,25
ITANHANGÁ,Apartamento,2.5,3.0,8.00,20.00,25
ITANHANGÁ,Apartamento,3.0,3.5,0.00,20.00,25
ITANHANGÁ,Casa,2.0,2.5,20.00,0.00,10
ITANHANGÁ,Casa,2.5,3.0,0.00,0.00,10
ITANHANGÁ,Casa,3.0,3.5,0.00,0.00,10
JABOUR,Apartamento,2.0,2.5,0.00,0.00,4
JABOUR,Apartamento,2.5,3.0,0.00,0.00,4
JABOUR,Apartamento,3.0,3.5,0.00,0.00,4
JACARÉ,Apartamento,2.0,2.5,0.00,0.00,16
JACARÉ,Apartamento,2.5,3.0,0.00,0.00,16
JACARÉ,Apartamento,3.0,3.5,0.00,0.00,16
JACAREPAGUÁ,Apartamento,2.0,2.5,0.63,0.00,3814
JACAREPAGUÁ,Apartamento,2.5,3.0,0.58,0.00,3814
JACAREPAGUÁ,Apartamento,3.0,3.5,0.24,0.00,3814
JACAREPAGUÁ,Casa,2.0,2.5,29.17,0.00,24
JACAREPAGUÁ,Casa,2.5,3.0,29.17,0.00,24
JACAREPAGUÁ,Casa,3.0,3.5,29.17,0.00,24
JARDIM AMÉRICA,Apartamento,2.0,2.5,0.00,0.00,6
JARDIM AMÉRICA,Apartamento,2.5,3.0,0.00,0.00,6
JARDIM AMÉRICA,Apartamento,3.0,3.5,0.00,0.00,6
JARDIM AMÉRICA,Casa,2.0,2.5,7.69,0.00,26
JARDIM AMÉRICA,Casa,2.5,3.0,0.00,0.00,26
JARDIM AMÉRICA,Casa,3.0,3.5,0.00,0.00,26
JARDIM BOTÂNICO,Apartamento,2.0,2.5,3.62,1.67,359
JARDIM BOTÂNICO,Apartamento,2.5,3.0,1.67,0.00,359
JARDIM BOTÂNICO,Apartamento,3.0,3.5,1.67,0.00,359
JARDIM BOTÂNICO,Casa,2.0,2.5,0.00,0.00,19
JARDIM BOTÂNICO,Casa,2.5,3.0,0.00,0.00,19
JARDIM BOTÂNICO,Casa,3.0,3.5,0.00,0.00,19
JARDIM CARIOCA,Apartamento,2.0,2.5,15.79,0.00,38
JARDIM CARIOCA,Apartamento,2.5,3.0,15.79,0.00,38
JARDIM CARIOCA,Apartamento,3.0,3.5,10.53,0.00,38
JARDIM CARIOCA,Casa,2.0,2.5,0.00,0.00,6
JARDIM CARIOCA,Casa,2.5,3.0,0.00,0.00,6
JARDIM CARIOCA,Casa,3.0,3.5,0.00,0.00,6
JARDIM GUANABARA,Apartamento,2.0,2.5,1.78,0.59,337
JARDIM GUANABARA,Apartamento,2.5,3.0,1.19,0.00,337
JARDIM GUANABARA,Apartamento,3.0,3.5,0.00,0.00,337
JARDIM GUANABARA,Casa,2.0,2.5,0.00,0.00,21
JARDIM GUANABARA,Casa,2.5,3.0,0.00,0.00,21
JARDIM GUANABARA,Casa,3.0,3.5,0.00,0.00,21
JARDIM SULACAP,Apartamento,2.0,2.5,2.13,0.00,94
JARDIM SULACAP,Apartamento,2.5,3.0,2.13,0.00,94
JARDIM SULACAP,Apartamento,3.0,3.5,2.13,0.00,94
JARDIM SULACAP,Casa,2.0,2.5,10.00,0.00,20
JARDIM SULACAP,Casa,2.5,3.0,10.00,0.00,20
JARDIM SULACAP,Casa,3.0,3.5,10.00,0.00,20
JOÁ,Apartamento,2.0,2.5,0.00,0.00,4
JOÁ,Apartamento,2.5,3.0,0.00,0.00,4
JOÁ,Apartamento,3.0,3.5,0.00,0.00,4
LAGOA,Apartamento,2.0,2.5,0.58,0.00,519
LAGOA,Apartamento,2.5,3.0,0.00,0.00,519
LAGOA,Apartamento,3.0,3.5,0.00,0.00,519
LAPA,Apartamento,2.0,2.5,0.00,0.00,2
LAPA,Apartamento,2.5,3.0,0.00,0.00,2
LAPA,Apartamento,3.0,3.5,0.00,0.00,2
LARANJEIRAS,Apartamento,2.0,2.5,3.19,4.06,1381
LARANJEIRAS,Apartamento,2.5,3.0,2.32,2.82,1381
LARANJEIRAS,Apartamento,3.0,3.5,1.38,2.17,1381
LARANJEIRAS,Casa,2.0,2.5,0.00,0.00,8
LARANJEIRAS,Casa,2.5,3.0,0.00,0.00,8
LARANJEIRAS,Casa,3.0,3.5,0.00,0.00,8
LEBLON,Apartamento,2.0,2.5,0.72,2.69,1523
LEBLON,Apartamento,2.5,3.0,0.00,1.44,1523
LEBLON,Apartamento,3.0,3.5,0.00,0.92,1523
LEME,Apartamento,2.0,2.5,0.00,11.29,425
LEME,Apartamento,2.5,3.0,0.00,4.94,425
LEME,Apartamento,3.0,3.5,0.00,0.00,425
LINS DE VASCONCELOS,Apartamento,2.0,2.5,1.99,3.98,201
LINS DE VASCONCELOS,Apartamento,2.5,3.0,0.00,2.99,201
LINS DE VASCONCELOS,Apartamento,3.0,3.5,0.00,2.99,201
LINS DE VASCONCELOS,Casa,2.0,2.5,0.00,0.00,13
LINS DE VASCONCELOS,Casa,2.5,3.0,0.00,0.00,13
LINS DE VASCONCELOS,Casa,3.0,3.5,0.00,0.00,13
MADUREIRA,Apartamento,2.0,2.5,0.00,0.00,68
MADUREIRA,Apartamento,2.5,3.0,0.00,0.00,68
MADUREIRA,Apartamento,3.0,3.5,0.00,0.00,68
MADUREIRA,Casa,2.0,2.5,19.05,0.00,21
MADUREIRA,Casa,2.5,3.0,9.52,0.00,21
MADUREIRA,Casa,3.0,3.5,9.52,0.00,21
MAGALHÃES BASTOS,Apartamento,2.0,2.5,0.00,0.00,4
MAGALHÃES BASTOS,Apartamento,2.5,3.0,0.00,0.00,4
MAGALHÃES BASTOS,Apartamento,3.0,3.5,0.00,0.00,4
MANGUEIRA,Apartamento,2.0,2.5,0.00,0.00,2
MANGUEIRA,Apartamento,2.5,3.0,0.00,0.00,2
MANGUEIRA,Apartamento,3.0,3.5,0.00,0.00,2
MARACANÃ,Apartamento,2.0,2.5,0.00,0.00,794
MARACANÃ,Apartamento,2.5,3.0,0.00,0.00,794
MARACANÃ,Apartamento,3.0,3.5,0.00,0.00,794
MARACANÃ,Casa,2.0,2.5,0.00,0.00,4
MARACANÃ,Casa,2.5,3.0,0.00,0.00,4
MARACANÃ,Casa,3.0,3.5,0.00,0.00,4
MARECHAL HERMES,Apartamento,2.0,2.5,4.08,14.29,98
MARECHAL HERMES,Apartamento,2.5,3.0,4.08,14.29,98
MARECHAL HERMES,Apartamento,3.0,3.5,4.08,14.29,98
MARECHAL HERMES,Casa,2.0,2.5,13.33,13.33,15
MARECHAL HERMES,Casa,2.5,3.0,13.33,13.33,15
MARECHAL HERMES,Casa,3.0,3.5,13.33,13.33,15
MARIA DA GRAÇA,Apartamento,2.0,2.5,0.00,0.00,38
MARIA DA GRAÇA,Apartamento,2.5,3.0,0.00,0.00,38
MARIA DA GRAÇA,Apartamento,3.0,3.5,0.00,0.00,38
MARIA DA GRAÇA,Casa,2.0,2.5,0.00,0.00,2
MARIA DA GRAÇA,Casa,2.5,3.0,0.00,0.00,2
MARIA DA GRAÇA,Casa,3.0,3.5,0.00,0.00,2
MÉIER,Apartamento,2.0,2.5,2.62,1.70,648
MÉIER,Apartamento,2.5,3.0,1.39,0.77,648
MÉIER,Apartamento,3.0,3.5,0.46,0.00,648
MÉIER,Casa,2.0,2.5,0.00,0.00,31
MÉIER,Casa,2.5,3.0,0.00,0.00,31
MÉIER,Casa,3.0,3.5,0.00,0.00,31
MONERÓ,Apartamento,2.0,2.5,0.00,5.00,40
MONERÓ,Apartamento,2.5,3.0,0.00,5.00,40
MONERÓ,Apartamento,3.0,3.5,0.00,0.00,40
MONERÓ,Casa,2.0,2.5,0.00,0.00,3
MONERÓ,Casa,2.5,3.0,0.00,0.00,3
MONERÓ,Casa,3.0,3.5,0.00,0.00,3
OLARIA,Apartamento,2.0,2.5,0.00,0.00,123
OLARIA,Apartamento,2.5,3.0,0.00,0.00,123
OLARIA,Apartamento,3.0,3.5,0.00,0.00,123
OLARIA,Casa,2.0,2.5,0.00,5.56,36
OLARIA,Casa,2.5,3.0,0.00,5.56,36
OLARIA,Casa,3.0,3.5,0.00,5.56,36
OSVALDO CRUZ,Apartamento,2.0,2.5,0.00,0.00,10
OSVALDO CRUZ,Apartamento,2.5,3.0,0.00,0.00,10
OSVALDO CRUZ,Apartamento,3.0,3.5,0.00,0.00,10
OSVALDO CRUZ,Casa,2.0,2.5,0.00,0.00,18
OSVALDO CRUZ,Casa,2.5,3.0,0.00,0.00,18
OSVALDO CRUZ,Casa,3.0,3.5,0.00,0.00,18
PACIÊNCIA,Apartamento,2.0,2.5,0.00,0.00,40
PACIÊNCIA,Apartamento,2.5,3.0,0.00,0.00,40
PACIÊNCIA,Apartamento,3.0,3.5,0.00,0.00,40
PACIÊNCIA,Casa,2.0,2.5,0.00,0.00,2
PACIÊNCIA,Casa,2.5,3.0,0.00,0.00,2
PACIÊNCIA,Casa,3.0,3.5,0.00,0.00,2
PADRE MIGUEL,Apartamento,2.0,2.5,0.00,0.00,6
PADRE MIGUEL,Apartamento,2.5,3.0,0.00,0.00,6
PADRE MIGUEL,Apartamento,3.0,3.5,0.00,0.00,6
PADRE MIGUEL,Casa,2.0,2.5,0.00,13.33,15
PADRE MIGUEL,Casa,2.5,3.0,0.00,0.00,15
PADRE MIGUEL,Casa,3.0,3.5,0.00,0.00,15
PAQUETÁ,Apartamento,2.0,2.5,0.00,0.00,8
PAQUETÁ,Apartamento,2.5,3.0,0.00,0.00,8
PAQUETÁ,Apartamento,3.0,3.5,0.00,0.00,8
PAQUETÁ,Casa,2.0,2.5,0.00,0.00,2
PAQUETÁ,Casa,2.5,3.0,0.00,0.00,2
PAQUETÁ,Casa,3.0,3.5,0.00,0.00,2
PARADA DE LUCAS,Apartamento,2.0,2.5,10.56,0.00,142
PARADA DE LUCAS,Apartamento,2.5,3.0,10.56,0.00,142
PARADA DE LUCAS,Apartamento,3.0,3.5,10.56,0.00,142
PARQUE ANCHIETA,Casa,2.0,2.5,16.67,0.00,12
PARQUE ANCHIETA,Casa,2.5,3.0,0.00,0.00,12
PARQUE ANCHIETA,Casa,3.0,3.5,0.00,0.00,12
PARQUE COLÚMBIA,Apartamento,2.0,2.5,0.00,0.00,2
PARQUE COLÚMBIA,Apartamento,2.5,3.0,0.00,0.00,2
PARQUE COLÚMBIA,Apartamento,3.0,3.5,0.00,0.00,2
PARQUE COLÚMBIA,Casa,2.0,2.5,0.00,0.00,2
PARQUE COLÚMBIA,Casa,2.5,3.0,0.00,0.00,2
PARQUE COLÚMBIA,Casa,3.0,3.5,0.00,0.00,2
PAVUNA,Apartamento,2.0,2.5,0.00,0.00,10
PAVUNA,Apartamento,2.5,3.0,0.00,0.00,10
PAVUNA,Apartamento,3.0,3.5,0.00,0.00,10
PAVUNA,Casa,2.0,2.5,0.00,0.00,30
PAVUNA,Casa,2.5,3.0,0.00,0.00,30
PAVUNA,Casa,3.0,3.5,0.00,0.00,30
PECHINCHA,Apartamento,2.0,2.5,3.49,0.00,1002
PECHINCHA,Apartamento,2.5,3.0,1.50,0.00,1002
PECHINCHA,Apartamento,3.0,3.5,0.40,0.00,1002
PECHINCHA,Casa,2.0,2.5,4.88,0.00,41
PECHINCHA,Casa,2.5,3.0,0.00,0.00,41
PECHINCHA,Casa,3.0,3.5,0.00,0.00,41
PEDRA DE GUARATIBA,Apartamento,2.0,2.5,0.00,0.00,2
PEDRA DE GUARATIBA,Apartamento,2.5,3.0,0.00,0.00,2
PEDRA DE GUARATIBA,Apartamento,3.0,3.5,0.00,0.00,2
PEDRA DE GUARATIBA,Casa,2.0,2.5,0.00,0.00,14
PEDRA DE GUARATIBA,Casa,2.5,3.0,0.00,0.00,14
PEDRA DE GUARATIBA,Casa,3.0,3.5,0.00,0.00,14
PENHA,Apartamento,2.0,2.5,4.55,0.00,220
PENHA,Apartamento,2.5,3.0,1.82,0.00,220
PENHA,Apartamento,3.0,3.5,1.82,0.00,220
PENHA,Casa,2.0,2.5,16.67,16.67,24
PENHA,Casa,2.5,3.0,0.00,8.33,24
PENHA,Casa,3.0,3.5,0.00,8.33,24
PENHA CIRCULAR,Apartamento,2.0,2.5,1.69,0.00,118
PENHA CIRCULAR,Apartamento,2.5,3.0,0.00,0.00,118
PENHA CIRCULAR,Apartamento,3.0,3.5,0.00,0.00,118
PENHA CIRCULAR,Casa,2.0,2.5,17.65,0.00,34
PENHA CIRCULAR,Casa,2.5,3.0,0.00,0.00,34
PENHA CIRCULAR,Casa,3.0,3.5,0.00,0.00,34
PIEDADE,Apartamento,2.0,2.5,2.44,0.00,82
PIEDADE,Apartamento,2.5,3.0,0.00,0.00,82
PIEDADE,Apartamento,3.0,3.5,0.00,0.00,82
PIEDADE,Casa,2.0,2.5,0.00,0.00,41
PIEDADE,Casa,2.5,3.0,0.00,0.00,41
PIEDADE,Casa,3.0,3.5,0.00,0.00,41
PILARES,Apartamento,2.0,2.5,24.00,0.00,25
PILARES,Apartamento,2.5,3.0,24.00,0.00,25
PILARES,Apartamento,3.0,3.5,16.00,0.00,25
PILARES,Casa,2.0,2.5,14.29,9.52,21
PILARES,Casa,2.5,3.0,14.29,9.52,21
PILARES,Casa,3.0,3.5,14.29,9.52,21
PITANGUEIRAS,Apartamento,2.0,2.5,14.29,0.00,14
PITANGUEIRAS,Apartamento,2.5,3.0,14.29,0.00,14
PITANGUEIRAS,Apartamento,3.0,3.5,0.00,0.00,14
PITANGUEIRAS,Casa,2.0,2.5,0.00,0.00,6
PITANGUEIRAS,Casa,2.5,3.0,0.00,0.00,6
PITANGUEIRAS,Casa,3.0,3.5,0.00,0.00,6
PORTUGUESA,Apartamento,2.0,2.5,0.00,12.12,33
PORTUGUESA,Apartamento,2.5,3.0,0.00,12.12,33
PORTUGUESA,Apartamento,3.0,3.5,0.00,12.12,33
PORTUGUESA,Casa,2.0,2.5,11.76,23.53,17
PORTUGUESA,Casa,2.5,3.0,0.00,23.53,17
PORTUGUESA,Casa,3.0,3.5,0.00,11.76,17
PRAÇA DA BANDEIRA,Apartamento,2.0,2.5,0.00,0.00,110
PRAÇA DA BANDEIRA,Apartamento,2.5,3.0,0.00,0.00,110
PRAÇA DA BANDEIRA,Apartamento,3.0,3.5,0.00,0.00,110
PRAÇA SECA,Apartamento,2.0,2.5,4.33,0.46,439
PRAÇA SECA,Apartamento,2.5,3.0,1.82,0.46,439
PRAÇA SECA,Apartamento,3.0,3.5,1.82,0.00,439
PRAÇA SECA,Casa,2.0,2.5,0.00,5.17,58
PRAÇA SECA,Casa,2.5,3.0,0.00,5.17,58
PRAÇA SECA,Casa,3.0,3.5,0.00,5.17,58
PRAIA DA BANDEIRA,Apartamento,2.0,2.5,41.67,0.00,12
PRAIA DA BANDEIRA,Apartamento,2.5,3.0,41.67,0.00,12
PRAIA DA BANDEIRA,Apartamento,3.0,3.5,41.67,0.00,12
PRAIA DA BANDEIRA,Casa,2.0,2.5,0.00,0.00,2
PRAIA DA BANDEIRA,Casa,2.5,3.0,0.00,0.00,2
PRAIA DA BANDEIRA,Casa,3.0,3.5,0.00,0.00,2
QUINTINO BOCAIÚVA,Apartamento,2.0,2.5,12.31,0.00,65
QUINTINO BOCAIÚVA,Apartamento,2.5,3.0,3.08,0.00,65
QUINTINO BOCAIÚVA,Apartamento,3.0,3.5,0.00,0.00,65
QUINTINO BOCAIÚVA,Casa,2.0,2.5,0.00,0.00,16
QUINTINO BOCAIÚVA,Casa,2.5,3.0,0.00,0.00,16
QUINTINO BOCAIÚVA,Casa,3.0,3.5,0.00,0.00,16
RAMOS,Apartamento,2.0,2.5,4.94,0.00,81
RAMOS,Apartamento,2.5,3.0,2.47,0.00,81
RAMOS,Apartamento,3.0,3.5,2.47,0.00,81
RAMOS,Casa,2.0,2.5,10.00,10.00,20
RAMOS,Casa,2.5,3.0,10.00,10.00,20
RAMOS,Casa,3.0,3.5,10.00,10.00,20
REALENGO,Apartamento,2.0,2.5,9.09,0.00,66
REALENGO,Apartamento,2.5,3.0,0.00,0.00,66
REALENGO,Apartamento,3.0,3.5,0.00,0.00,66
REALENGO,Casa,2.0,2.5,6.98,4.65,43
REALENGO,Casa,2.5,3.0,0.00,0.00,43
REALENGO,Casa,3.0,3.5,0.00,0.00,43
RECREIO DOS BANDEIRANTES,Apartamento,2.0,2.5,2.09,3.56,4076
RECREIO DOS BANDEIRANTES,Apartamento,2.5,3.0,1.10,2.53,4076
RECREIO DOS BANDEIRANTES,Apartamento,3.0,3.5,0.56,1.64,4076
RECREIO DOS BANDEIRANTES,Casa,2.0,2.5,2.63,0.00,114
RECREIO DOS BANDEIRANTES,Casa,2.5,3.0,2.63,0.00,114
RECREIO DOS BANDEIRANTES,Casa,3.0,3.5,2.63,0.00,114
RIACHUELO,Apartamento,2.0,2.5,0.00,3.61,83
RIACHUELO,Apartamento,2.5,3.0,0.00,0.00,83
RIACHUELO,Apartamento,3.0,3.5,0.00,0.00,83
RIACHUELO,Casa,2.0,2.5,0.00,0.00,10
RIACHUELO,Casa,2.5,3.0,0.00,0.00,10
RIACHUELO,Casa,3.0,3.5,0.00,0.00,10
RIBEIRA,Apartamento,2.0,2.5,4.44,0.00,45
RIBEIRA,Apartamento,2.5,3.0,4.44,0.00,45
RIBEIRA,Apartamento,3.0,3.5,0.00,0.00,45
RICARDO DE ALBUQUERQUE,Apartamento,2.0,2.5,0.00,0.00,2
RICARDO DE ALBUQUERQUE,Apartamento,2.5,3.0,0.00,0.00,2
RICARDO DE ALBUQUERQUE,Apartamento,3.0,3.5,0.00,0.00,2
RICARDO DE ALBUQUERQUE,Casa,2.0,2.5,0.00,0.00,11
RICARDO DE ALBUQUERQUE,Casa,2.5,3.0,0.00,0.00,11
RICARDO DE ALBUQUERQUE,Casa,3.0,3.5,0.00,0.00,11
RIO COMPRIDO,Apartamento,2.0,2.5,0.00,0.00,511
RIO COMPRIDO,Apartamento,2.5,3.0,0.00,0.00,511
RIO COMPRIDO,Apartamento,3.0,3.5,0.00,0.00,511
RIO COMPRIDO,Casa,2.0,2.5,0.00,0.00,10
RIO COMPRIDO,Casa,2.5,3.0,0.00,0.00,10
RIO COMPRIDO,Casa,3.0,3.5,0.00,0.00,10
ROCHA,Apartamento,2.0,2.5,0.00,0.00,40
ROCHA,Apartamento,2.5,3.0,0.00,0.00,40
ROCHA,Apartamento,3.0,3.5,0.00,0.00,40
ROCHA,Casa,2.0,2.5,0.00,0.00,4
ROCHA,Casa,2.5,3.0,0.00,0.00,4
ROCHA,Casa,3.0,3.5,0.00,0.00,4
ROCHA MIRANDA,Apartamento,2.0,2.5,0.00,36.36,11
ROCHA MIRANDA,Apartamento,2.5,3.0,0.00,36.36,11
ROCHA MIRANDA,Apartamento,3.0,3.5,0.00,18.18,11
ROCHA MIRANDA,Casa,2.0,2.5,0.00,0.00,4
ROCHA MIRANDA,Casa,2.5,3.0,0.00,0.00,4
ROCHA MIRANDA,Casa,3.0,3.5,0.00,0.00,4
SAMPAIO,Apartamento,2.0,2.5,13.33,0.00,15
SAMPAIO,Apartamento,2.5,3.0,13.33,0.00,15
SAMPAIO,Apartamento,3.0,3.5,13.33,0.00,15
SAMPAIO,Casa,2.0,2.5,0.00,0.00,2
SAMPAIO,Casa,2.5,3.0,0.00,0.00,2
SAMPAIO,Casa,3.0,3.5,0.00,0.00,2
SANTA CRUZ,Apartamento,2.0,2.5,0.00,47.90,309
SANTA CRUZ,Apartamento,2.5,3.0,0.00,5.50,309
SANTA CRUZ,Apartamento,3.0,3.5,0.00,0.00,309
SANTA CRUZ,Casa,2.0,2.5,0.00,0.00,4
SANTA CRUZ,Casa,2.5,3.0,0.00,0.00,4
SANTA CRUZ,Casa,3.0,3.5,0.00,0.00,4
SANTA TERESA,Apartamento,2.0,2.5,6.56,0.00,259
SANTA TERESA,Apartamento,2.5,3.0,0.00,0.00,259
SANTA TERESA,Apartamento,3.0,3.5,0.00,0.00,259
SANTA TERESA,Casa,2.0,2.5,0.00,33.33,6
SANTA TERESA,Casa,2.5,3.0,0.00,33.33,6
SANTA TERESA,Casa,3.0,3.5,0.00,0.00,6
SANTÍSSIMO,Apartamento,2.0,2.5,0.00,0.00,122
SANTÍSSIMO,Apartamento,2.5,3.0,0.00,0.00,122
SANTÍSSIMO,Apartamento,3.0,3.5,0.00,0.00,122
SANTÍSSIMO,Casa,2.0,2.5,21.21,24.24,33
SANTÍSSIMO,Casa,2.5,3.0,12.12,24.24,33
SANTÍSSIMO,Casa,3.0,3.5,12.12,24.24,33
SANTO CRISTO,Apartamento,2.0,2.5,21.61,0.00,583
SANTO CRISTO,Apartamento,2.5,3.0,21.61,0.00,583
SANTO CRISTO,Apartamento,3.0,3.5,21.61,0.00,583
SANTO CRISTO,Casa,2.0,2.5,0.00,0.00,4
SANTO CRISTO,Casa,2.5,3.0,0.00,0.00,4
SANTO CRISTO,Casa,3.0,3.5,0.00,0.00,4
SÃO CONRADO,Apartamento,2.0,2.5,0.71,19.29,280
SÃO CONRADO,Apartamento,2.5,3.0,0.00,19.29,280
SÃO CONRADO,Apartamento,3.0,3.5,0.00,17.86,280
SÃO CRISTÓVÃO,Apartamento,2.0,2.5,3.06,0.00,490
SÃO CRISTÓVÃO,Apartamento,2.5,3.0,1.22,0.00,490
SÃO CRISTÓVÃO,Apartamento,3.0,3.5,0.41,0.00,490
SÃO CRISTÓVÃO,Casa,2.0,2.5,14.29,0.00,14
SÃO CRISTÓVÃO,Casa,2.5,3.0,14.29,0.00,14
SÃO CRISTÓVÃO,Casa,3.0,3.5,14.29,0.00,14
SÃO FRANCISCO XAVIER,Apartamento,2.0,2.5,0.74,0.00,408
SÃO FRANCISCO XAVIER,Apartamento,2.5,3.0,0.00,0.00,408
SÃO FRANCISCO XAVIER,Apartamento,3.0,3.5,0.00,0.00,408
SAÚDE,Casa,2.0,2.5,0.00,0.00,4
SAÚDE,Casa,2.5,3.0,0.00,0.00,4
SAÚDE,Casa,3.0,3.5,0.00,0.00,4
SENADOR CAMARÁ,Apartamento,2.0,2.5,0.00,0.00,11
SENADOR CAMARÁ,Apartamento,2.5,3.0,0.00,0.00,11
SENADOR CAMARÁ,Apartamento,3.0,3.5,0.00,0.00,11
SENADOR CAMARÁ,Casa,2.0,2.5,0.00,0.00,5
SENADOR CAMARÁ,Casa,2.5,3.0,0.00,0.00,5
SENADOR CAMARÁ,Casa,3.0,3.5,0.00,0.00,5
SENADOR VASCONCELOS,Apartamento,2.0,2.5,0.00,0.00,6
SENADOR VASCONCELOS,Apartamento,2.5,3.0,0.00,0.00,6
SENADOR VASCONCELOS,Apartamento,3.0,3.5,0.00,0.00,6
SENADOR VASCONCELOS,Casa,2.0,2.5,0.00,0.00,17
SENADOR VASCONCELOS,Casa,2.5,3.0,0.00,0.00,17
SENADOR VASCONCELOS,Casa,3.0,3.5,0.00,0.00,17
TANQUE,Apartamento,2.0,2.5,1.59,0.00,126
TANQUE,Apartamento,2.5,3.0,0.00,0.00,126
TANQUE,Apartamento,3.0,3.5,0.00,0.00,126
TANQUE,Casa,2.0,2.5,0.00,15.79,19
TANQUE,Casa,2.5,3.0,0.00,15.79,19
TANQUE,Casa,3.0,3.5,0.00,0.00,19
TAQUARA,Apartamento,2.0,2.5,4.17,4.35,1080
TAQUARA,Apartamento,2.5,3.0,2.41,3.80,1080
TAQUARA,Apartamento,3.0,3.5,1.39,1.02,1080
TAQUARA,Casa,2.0,2.5,8.89,0.00,45
TAQUARA,Casa,2.5,3.0,4.44,0.00,45
TAQUARA,Casa,3.0,3.5,0.00,0.00,45
TAUÁ,Apartamento,2.0,2.5,0.00,0.00,65
TAUÁ,Apartamento,2.5,3.0,0.00,0.00,65
TAUÁ,Apartamento,3.0,3.5,0.00,0.00,65
TAUÁ,Casa,2.0,2.5,0.00,16.67,12
TAUÁ,Casa,2.5,3.0,0.00,16.67,12
TAUÁ,Casa,3.0,3.5,0.00,16.67,12
TIJUCA,Apartamento,2.0,2.5,3.02,3.30,3967
TIJUCA,Apartamento,2.5,3.0,1.56,0.40,3967
TIJUCA,Apartamento,3.0,3.5,1.01,0.35,3967
TIJUCA,Casa,2.0,2.5,6.45,0.00,31
TIJUCA,Casa,2.5,3.0,6.45,0.00,31
TIJUCA,Casa,3.0,3.5,0.00,0.00,31
TODOS OS SANTOS,Apartamento,2.0,2.5,3.96,0.00,682
TODOS OS SANTOS,Apartamento,2.5,3.0,0.88,0.00,682
TODOS OS SANTOS,Apartamento,3.0,3.5,0.00,0.00,682
TODOS OS SANTOS,Casa,2.0,2.5,0.00,11.76,17
TODOS OS SANTOS,Casa,2.5,3.0,0.00,11.76,17
TODOS OS SANTOS,Casa,3.0,3.5,0.00,11.76,17
TOMÁS COELHO,Apartamento,2.0,2.5,0.00,0.00,4
TOMÁS COELHO,Apartamento,2.5,3.0,0.00,0.00,4
TOMÁS COELHO,Apartamento,3.0,3.5,0.00,0.00,4
TOMÁS COELHO,Casa,2.0,2.5,0.00,0.00,4
TOMÁS COELHO,Casa,2.5,3.0,0.00,0.00,4
TOMÁS COELHO,Casa,3.0,3.5,0.00,0.00,4
TURIAÇÚ,Apartamento,2.0,2.5,0.00,0.00,10
TURIAÇÚ,Apartamento,2.5,3.0,0.00,0.00,10
TURIAÇÚ,Apartamento,3.0,3.5,0.00,0.00,10
TURIAÇÚ,Casa,2.0,2.5,0.00,0.00,4
TURIAÇÚ,Casa,2.5,3.0,0.00,0.00,4
TURIAÇÚ,Casa,3.0,3.5,0.00,0.00,4
URCA,Apartamento,2.0,2.5,0.00,11.36,44
URCA,Apartamento,2.5,3.0,0.00,11.36,44
URCA,Apartamento,3.0,3.5,0.00,6.82,44
URCA,Casa,2.0,2.5,0.00,0.00,2
URCA,Casa,2.5,3.0,0.00,0.00,2
URCA,Casa,3.0,3.5,0.00,0.00,2
VARGEM GRANDE,Apartamento,2.0,2.5,4.08,8.16,147
VARGEM GRANDE,Apartamento,2.5,3.0,4.08,8.16,147
VARGEM GRANDE,Apartamento,3.0,3.5,4.08,8.16,147
VARGEM GRANDE,Casa,2.0,2.5,0.00,0.00,35
VARGEM GRANDE,Casa,2.5,3.0,0.00,0.00,35
VARGEM GRANDE,Casa,3.0,3.5,0.00,0.00,35
VARGEM PEQUENA,Apartamento,2.0,2.5,0.00,10.14,148
VARGEM PEQUENA,Apartamento,2.5,3.0,0.00,0.00,148
VARGEM PEQUENA,Apartamento,3.0,3.5,0.00,0.00,148
VARGEM PEQUENA,Casa,2.0,2.5,30.68,0.00,88
VARGEM PEQUENA,Casa,2.5,3.0,30.68,0.00,88
VARGEM PEQUENA,Casa,3.0,3.5,12.50,0.00,88
VASCO DA GAMA,Apartamento,2.0,2.5,0.00,0.00,9
VASCO DA GAMA,Apartamento,2.5,3.0,0.00,0.00,9
VASCO DA GAMA,Apartamento,3.0,3.5,0.00,0.00,9
VAZ LOBO,Apartamento,2.0,2.5,5.00,0.00,40
VAZ LOBO,Apartamento,2.5,3.0,5.00,0.00,40
VAZ LOBO,Apartamento,3.0,3.5,5.00,0.00,40
VAZ LOBO,Casa,2.0,2.5,0.00,0.00,4
VAZ LOBO,Casa,2.5,3.0,0.00,0.00,4
VAZ LOBO,Casa,3.0,3.5,0.00,0.00,4
VICENTE DE CARVALHO,Apartamento,2.0,2.5,12.05,0.00,83
VICENTE DE CARVALHO,Apartamento,2.5,3.0,9.64,0.00,83
VICENTE DE CARVALHO,Apartamento,3.0,3.5,9.64,0.00,83
VICENTE DE CARVALHO,Casa,2.0,2.5,0.00,0.00,14
VICENTE DE CARVALHO,Casa,2.5,3.0,0.00,0.00,14
VICENTE DE CARVALHO,Casa,3.0,3.5,0.00,0.00,14
VIDIGAL,Apartamento,2.0,2.5,0.00,0.00,8
VIDIGAL,Apartamento,2.5,3.0,0.00,0.00,8
VIDIGAL,Apartamento,3.0,3.5,0.00,0.00,8
VIGÁRIO GERAL,Apartamento,2.0,2.5,0.00,0.00,2
VIGÁRIO GERAL,Apartamento,2.5,3.0,0.00,0.00,2
VIGÁRIO GERAL,Apartamento,3.0,3.5,0.00,0.00,2
VILA DA PENHA,Apartamento,2.0,2.5,0.00,0.00,289
VILA DA PENHA,Apartamento,2.5,3.0,0.00,0.00,289
VILA DA PENHA,Apartamento,3.0,3.5,0.00,0.00,289
VILA DA PENHA,Casa,2.0,2.5,0.00,0.00,23
VILA DA PENHA,Casa,2.5,3.0,0.00,0.00,23
VILA DA PENHA,Casa,3.0,3.5,0.00,0.00,23
VILA ISABEL,Apartamento,2.0,2.5,1.67,0.00,1079
VILA ISABEL,Apartamento,2.5,3.0,0.56,0.00,1079
VILA ISABEL,Apartamento,3.0,3.5,0.37,0.00,1079
VILA ISABEL,Casa,2.0,2.5,0.00,0.00,36
VILA ISABEL,Casa,2.5,3.0,0.00,0.00,36
VILA ISABEL,Casa,3.0,3.5,0.00,0.00,36
VILA KOSMOS,Apartamento,2.0,2.5,0.00,10.53,19
VILA KOSMOS,Apartamento,2.5,3.0,0.00,0.00,19
VILA KOSMOS,Apartamento,3.0,3.5,0.00,0.00,19
VILA KOSMOS,Casa,2.0,2.5,0.00,0.00,20
VILA KOSMOS,Casa,2.5,3.0,0.00,0.00,20
VILA KOSMOS,Casa,3.0,3.5,0.00,0.00,20
VILA VALQUEIRE,Apartamento,2.0,2.5,6.48,0.00,216
VILA VALQUEIRE,Apartamento,2.5,3.0,3.70,0.00,216
VILA VALQUEIRE,Apartamento,3.0,3.5,0.93,0.00,216
VILA VALQUEIRE,Casa,2.0,2.5,0.00,0.00,30
VILA VALQUEIRE,Casa,2.5,3.0,0.00,0.00,30
VILA VALQUEIRE,Casa,3.0,3.5,0.00,0.00,30
VISTA ALEGRE,Apartamento,2.0,2.5,0.00,20.00,10
VISTA ALEGRE,Apartamento,2.5,3.0,0.00,20.00,10
VISTA ALEGRE,Apartamento,3.0,3.5,0.00,0.00,10
VISTA ALEGRE,Casa,2.0,2.5,33.33,0.00,6
VISTA ALEGRE,Casa,2.5,3.0,33.33,0.00,6
VISTA ALEGRE,Casa,3.0,3.5,33.33,0.00,6
ZUMBI,Apartamento,2.0,2.5,30.77,0.00,26
ZUMBI,Apartamento,2.5,3.0,7.69,0.00,26
ZUMBI,Apartamento,3.0,3.5,0.00,0.00,26
