nome,logradouro,numero,cep,bairro,microbairro,latitude,longitude
Barramares,Avenida Lúcio Costa,3300,22630-011,Barra da Tijuca,Eixo Lúcio Costa,-23.012,-43.371
Vivendas da Barra,Avenida Lúcio Costa,3200,22630-011,Barra da Tijuca,Eixo Lúcio Costa,-23.012,-43.371
Barra Palace,Avenida Lúcio Costa,2916,22630-011,Barra da Tijuca,Eixo Lúcio Costa,-23.012,-43.371
Barra Summer Dream,Avenida Lúcio Costa,3604,22630-011,Barra da Tijuca,Eixo Lúcio Costa,-23.012,-43.371
Barrabella Hotel Residencia,Avenida Lúcio Costa,4700,22630-011,Barra da Tijuca,Eixo Lúcio Costa,-23.012,-43.371
Al Mare,Avenida Lúcio Costa,6200,22630-011,Barra da Tijuca,Eixo Lúcio Costa,-23.012,-43.371
Alfa Barra,Avenida Lúcio Costa,6700,22630-011,Barra da Tijuca,Eixo Lúcio Costa,-23.012,-43.371
Mansões,Avenida das Américas,10501,22620-100,Barra da Tijuca,Eixo Américas,-23.025,-43.385
Santa Mônica Jardins,Avenida das Américas,8888,22620-100,Barra da Tijuca,Eixo Américas,-23.025,-43.385
Riserva Uno,Avenida das Américas,10333,22620-100,Barra da Tijuca,Eixo Américas,-23.025,-43.385
Green Park,Avenida das Américas,1300,22620-100,Barra da Tijuca,Eixo Américas,-23.025,-43.385
Cond Ion Intelligent Center,Avenida das Américas,1650,22620-100,Barra da Tijuca,Eixo Américas,-23.025,-43.385
Barra First,Avenida das Américas,7897,22620-100,Barra da Tijuca,Eixo Américas,-23.025,-43.385
Absolutto Business Towers,Avenida das Américas,19005,22793-082,Recreio dos Bandeirantes,Recreio,-23.035,-43.395
Mandarim Península,Avenida dos Flamboyants,960,22640-000,Barra da Tijuca,Península,-23.035,-43.395
Aquarela Península,Avenida das Acácias da Península,150,22640-000,Barra da Tijuca,Península,-23.035,-43.395
Península,Avenida das Acácias da Península,150,22640-000,Barra da Tijuca,Península,-23.035,-43.395
Malibu,Rua Engenheiro Mario Fernandes Guedes,100,22640-000,Barra da Tijuca,Barra Central,-23.02,-43.36
Le Parc,Avenida Jornalista Tim Lopes,255,22640-100,Barra da Tijuca,Barra Central,-23.02,-43.36
Cidade Jardim,Avenida Vice-Presidente José Alencar,1515,22640-000,Barra da Tijuca,Barra Central,-23.02,-43.36
Condomínio 360 On The Park,Avenida Flamboyants da Península,300,22640-000,Barra da Tijuca,Península,-23.035,-43.395
Condomínio Abm,Avenida Afonso Arinos de Melo Franco,191,22640-000,Barra da Tijuca,Barra Central,-23.02,-43.36
Condomínio Aloha,Rua Jornalista Henrique Cordeiro,160,22640-000,Barra da Tijuca,Barra Central,-23.02,-43.36
Condomínio Alphaland,Rua Paulo Moura,101,22640-090,Barra da Tijuca,Barra Central,-23.02,-43.36
Condomínio Aquarela,Rua Jacarandás da Península,880,22640-000,Barra da Tijuca,Península,-23.035,-43.395
Condomínio Arquiteto Afonso Reidy,Avenida Arquiteto Afonso Reidy,235,22640-000,Barra da Tijuca,Barra Central,-23.02,-43.36
Condomínio Atmosfera,Avenida das Acácias da Península,540,22640-000,Barra da Tijuca,Península,-23.035,-43.395
Condomínio Atol da Lagoa,Praça Advogado Heleno Cláudio Fragoso,16,22640-000,Barra da Tijuca,Barra Central,-23.02,-43.36
Atol Atlântico,Praça Advogado Heleno Cláudio Fragoso,4,22640-000,Barra da Tijuca,Barra Central,-23.02,-43.36
Condomínio Barra D Oro,Rua Jornalista Henrique Cordeiro,120,22640-000,Barra da Tijuca,Barra Central,-23.02,-43.36
Condomínio Barra Deck Leste,Avenida General Olyntho Pillar,210,22640-000,Barra da Tijuca,Barra Central,-23.02,-43.36
Condomínio Barra Deck Oeste,Avenida Heitor Doyle Maia,80,22641-270,Barra da Tijuca,Barra Central,-23.02,-43.36
Condomínio Barra Golden,Rua Jornalista Henrique Cordeiro,70,22640-000,Barra da Tijuca,Barra Central,-23.02,-43.36
Condomínio Barra Marina,Avenida Prefeito Dulcídio Cardoso,1680,22640-000,Barra da Tijuca,Barra Central,-23.02,-43.36
Condomínio Barra Office,Avenida Olegário Maciel,231,22640-000,Barra da Tijuca,Barra Central,-23.02,-43.36
Condomínio Barra One,Rua Jornalista Henrique Cordeiro,350,22640-000,Barra da Tijuca,Barra Central,-23.02,-43.36
Condomínio Barra Village,Avenida Malibu,45,22640-000,Barra da Tijuca,Península,-23.035,-43.395
Condomínio Bernini,Avenida Flamboyants da Península,1250,22640-000,Barra da Tijuca,Península,-23.035,-43.395
Condomínio Blue Coast,Rua Mário Covas Júnior,161,22620-970,Barra da Tijuca,Barra Central,-23.02,-43.36
Torre Barra,Avenida Lúcio Costa,1390,22630-011,Barra da Tijuca,Eixo Lúcio Costa,-23.012,-43.371
Residencial Barra,Avenida das Américas,1400,22793-082,Recreio dos Bandeirantes,Eixo Américas,-23.025,-43.385
Edifício Barra,Avenida Ayrton Senna,1410,22640-020,Barra da Tijuca,Barra Central,-23.02,-43.36
Condomínio Barra,Avenida Embaixador Abelardo Bueno,1420,22630-011,Barra da Tijuca,Barra Oeste,-23.03,-43.39
Mansão Barra,Rua Mário Covas Júnior,1430,22620-970,Barra da Tijuca,Barra Central,-23.02,-43.36
Bloco Barra,Avenida Heitor Doyle Maia,1440,22641-270,Barra da Tijuca,Barra Central,-23.02,-43.36
Conjunto Barra,Rua Paulo Moura,1450,22640-090,Barra da Tijuca,Barra Central,-23.02,-43.36
Vila Barra,Avenida Jornalista Tim Lopes,1460,22640-100,Barra da Tijuca,Barra Central,-23.02,-43.36
Parque Barra,Avenida Lúcio Costa,1470,22630-011,Barra da Tijuca,Eixo Lúcio Costa,-23.012,-43.371
Oasis Barra,Avenida das Américas,1480,22793-082,Recreio dos Bandeirantes,Eixo Américas,-23.025,-43.385
Templo Barra,Avenida Ayrton Senna,1490,22640-020,Barra da Tijuca,Barra Central,-23.02,-43.36
Imperial Barra,Avenida Embaixador Abelardo Bueno,1500,22630-011,Barra da Tijuca,Barra Oeste,-23.03,-43.39
Régis Barra,Rua Mário Covas Júnior,1510,22620-970,Barra da Tijuca,Barra Central,-23.02,-43.36
Premium Barra,Avenida Heitor Doyle Maia,1520,22641-270,Barra da Tijuca,Barra Central,-23.02,-43.36
Platinum Barra,Rua Paulo Moura,1530,22640-090,Barra da Tijuca,Barra Central,-23.02,-43.36
Torre Palace,Avenida Jornalista Tim Lopes,1540,22640-100,Barra da Tijuca,Barra Central,-23.02,-43.36
Residencial Palace,Avenida Lúcio Costa,1550,22630-011,Barra da Tijuca,Eixo Lúcio Costa,-23.012,-43.371
Edifício Palace,Avenida das Américas,1560,22793-082,Recreio dos Bandeirantes,Eixo Américas,-23.025,-43.385
Condomínio Palace,Avenida Ayrton Senna,1570,22640-020,Barra da Tijuca,Barra Central,-23.02,-43.36
Mansão Palace,Avenida Embaixador Abelardo Bueno,1580,22630-011,Barra da Tijuca,Barra Oeste,-23.03,-43.39
Bloco Palace,Rua Mário Covas Júnior,1590,22620-970,Barra da Tijuca,Barra Central,-23.02,-43.36
Conjunto Palace,Avenida Heitor Doyle Maia,1600,22641-270,Barra da Tijuca,Barra Central,-23.02,-43.36
Vila Palace,Rua Paulo Moura,1610,22640-090,Barra da Tijuca,Barra Central,-23.02,-43.36
Parque Palace,Avenida Jornalista Tim Lopes,1620,22640-100,Barra da Tijuca,Barra Central,-23.02,-43.36
Oasis Palace,Avenida Lúcio Costa,1630,22630-011,Barra da Tijuca,Eixo Lúcio Costa,-23.012,-43.371
Templo Palace,Avenida das Américas,1640,22793-082,Recreio dos Bandeirantes,Eixo Américas,-23.025,-43.385
Imperial Palace,Avenida Ayrton Senna,1650,22640-020,Barra da Tijuca,Barra Central,-23.02,-43.36
Régis Palace,Avenida Embaixador Abelardo Bueno,1660,22630-011,Barra da Tijuca,Barra Oeste,-23.03,-43.39
Premium Palace,Rua Mário Covas Júnior,1670,22620-970,Barra da Tijuca,Barra Central,-23.02,-43.36
Platinum Palace,Avenida Heitor Doyle Maia,1680,22641-270,Barra da Tijuca,Barra Central,-23.02,-43.36
Torre Prime,Rua Paulo Moura,1690,22640-090,Barra da Tijuca,Barra Central,-23.02,-43.36
Residencial Prime,Avenida Jornalista Tim Lopes,1700,22640-100,Barra da Tijuca,Barra Central,-23.02,-43.36
Edifício Prime,Avenida Lúcio Costa,1710,22630-011,Barra da Tijuca,Eixo Lúcio Costa,-23.012,-43.371
Condomínio Prime,Avenida das Américas,1720,22793-082,Recreio dos Bandeirantes,Eixo Américas,-23.025,-43.385
Mansão Prime,Avenida Ayrton Senna,1730,22640-020,Barra da Tijuca,Barra Central,-23.02,-43.36
Bloco Prime,Avenida Embaixador Abelardo Bueno,1740,22630-011,Barra da Tijuca,Barra Oeste,-23.03,-43.39
Conjunto Prime,Rua Mário Covas Júnior,1750,22620-970,Barra da Tijuca,Barra Central,-23.02,-43.36
Vila Prime,Avenida Heitor Doyle Maia,1760,22641-270,Barra da Tijuca,Barra Central,-23.02,-43.36
Parque Prime,Rua Paulo Moura,1770,22640-090,Barra da Tijuca,Barra Central,-23.02,-43.36
Oasis Prime,Avenida Jornalista Tim Lopes,1780,22640-100,Barra da Tijuca,Barra Central,-23.02,-43.36
Templo Prime,Avenida Lúcio Costa,1790,22630-011,Barra da Tijuca,Eixo Lúcio Costa,-23.012,-43.371
Imperial Prime,Avenida das Américas,1800,22793-082,Recreio dos Bandeirantes,Eixo Américas,-23.025,-43.385
Régis Prime,Avenida Ayrton Senna,1810,22640-020,Barra da Tijuca,Barra Central,-23.02,-43.36
Premium Prime,Avenida Embaixador Abelardo Bueno,1820,22630-011,Barra da Tijuca,Barra Oeste,-23.03,-43.39
Platinum Prime,Rua Mário Covas Júnior,1830,22620-970,Barra da Tijuca,Barra Central,-23.02,-43.36
Torre Luxury,Avenida Heitor Doyle Maia,1840,22641-270,Barra da Tijuca,Barra Central,-23.02,-43.36
Residencial Luxury,Rua Paulo Moura,1850,22640-090,Barra da Tijuca,Barra Central,-23.02,-43.36
Edifício Luxury,Avenida Jornalista Tim Lopes,1860,22640-100,Barra da Tijuca,Barra Central,-23.02,-43.36
Condomínio Luxury,Avenida Lúcio Costa,1870,22630-011,Barra da Tijuca,Eixo Lúcio Costa,-23.012,-43.371
Mansão Luxury,Avenida das Américas,1880,22793-082,Recreio dos Bandeirantes,Eixo Américas,-23.025,-43.385
Bloco Luxury,Avenida Ayrton Senna,1890,22640-020,Barra da Tijuca,Barra Central,-23.02,-43.36
Conjunto Luxury,Avenida Embaixador Abelardo Bueno,1900,22630-011,Barra da Tijuca,Barra Oeste,-23.03,-43.39
Vila Luxury,Rua Mário Covas Júnior,1910,22620-970,Barra da Tijuca,Barra Central,-23.02,-43.36
Parque Luxury,Avenida Heitor Doyle Maia,1920,22641-270,Barra da Tijuca,Barra Central,-23.02,-43.36
Oasis Luxury,Rua Paulo Moura,1930,22640-090,Barra da Tijuca,Barra Central,-23.02,-43.36
Templo Luxury,Avenida Jornalista Tim Lopes,1940,22640-100,Barra da Tijuca,Barra Central,-23.02,-43.36
Imperial Luxury,Avenida Lúcio Costa,1950,22630-011,Barra da Tijuca,Eixo Lúcio Costa,-23.012,-43.371
Régis Luxury,Avenida das Américas,1960,22793-082,Recreio dos Bandeirantes,Eixo Américas,-23.025,-43.385
Premium Luxury,Avenida Ayrton Senna,1970,22640-020,Barra da Tijuca,Barra Central,-23.02,-43.36
Platinum Luxury,Avenida Embaixador Abelardo Bueno,1980,22630-011,Barra da Tijuca,Barra Oeste,-23.03,-43.39
Torre Gold,Rua Mário Covas Júnior,1990,22620-970,Barra da Tijuca,Barra Central,-23.02,-43.36
Residencial Gold,Avenida Heitor Doyle Maia,2000,22641-270,Barra da Tijuca,Barra Central,-23.02,-43.36
Edifício Gold,Rua Paulo Moura,2010,22640-090,Barra da Tijuca,Barra Central,-23.02,-43.36
Condomínio Gold,Avenida Jornalista Tim Lopes,2020,22640-100,Barra da Tijuca,Barra Central,-23.02,-43.36
Mansão Gold,Avenida Lúcio Costa,2030,22630-011,Barra da Tijuca,Eixo Lúcio Costa,-23.012,-43.371
Bloco Gold,Avenida das Américas,2040,22793-082,Recreio dos Bandeirantes,Eixo Américas,-23.025,-43.385
Conjunto Gold,Avenida Ayrton Senna,2050,22640-020,Barra da Tijuca,Barra Central,-23.02,-43.36
Vila Gold,Avenida Embaixador Abelardo Bueno,2060,22630-011,Barra da Tijuca,Barra Oeste,-23.03,-43.39
Parque Gold,Rua Mário Covas Júnior,2070,22620-970,Barra da Tijuca,Barra Central,-23.02,-43.36
Oasis Gold,Avenida Heitor Doyle Maia,2080,22641-270,Barra da Tijuca,Barra Central,-23.02,-43.36
Templo Gold,Rua Paulo Moura,2090,22640-090,Barra da Tijuca,Barra Central,-23.02,-43.36
Imperial Gold,Avenida Jornalista Tim Lopes,2100,22640-100,Barra da Tijuca,Barra Central,-23.02,-43.36
Régis Gold,Avenida Lúcio Costa,2110,22630-011,Barra da Tijuca,Eixo Lúcio Costa,-23.012,-43.371
Premium Gold,Avenida das Américas,2120,22793-082,Recreio dos Bandeirantes,Eixo Américas,-23.025,-43.385
Platinum Gold,Avenida Ayrton Senna,2130,22640-020,Barra da Tijuca,Barra Central,-23.02,-43.36
Torre Premium,Avenida Embaixador Abelardo Bueno,2140,22630-011,Barra da Tijuca,Barra Oeste,-23.03,-43.39
Residencial Premium,Rua Mário Covas Júnior,2150,22620-970,Barra da Tijuca,Barra Central,-23.02,-43.36
Edifício Premium,Avenida Heitor Doyle Maia,2160,22641-270,Barra da Tijuca,Barra Central,-23.02,-43.36
Condomínio Premium,Rua Paulo Moura,2170,22640-090,Barra da Tijuca,Barra Central,-23.02,-43.36
Mansão Premium,Avenida Jornalista Tim Lopes,2180,22640-100,Barra da Tijuca,Barra Central,-23.02,-43.36
Bloco Premium,Avenida Lúcio Costa,2190,22630-011,Barra da Tijuca,Eixo Lúcio Costa,-23.012,-43.371
Conjunto Premium,Avenida das Américas,2200,22793-082,Recreio dos Bandeirantes,Eixo Américas,-23.025,-43.385
Vila Premium,Avenida Ayrton Senna,2210,22640-020,Barra da Tijuca,Barra Central,-23.02,-43.36
Parque Premium,Avenida Embaixador Abelardo Bueno,2220,22630-011,Barra da Tijuca,Barra Oeste,-23.03,-43.39
Oasis Premium,Rua Mário Covas Júnior,2230,22620-970,Barra da Tijuca,Barra Central,-23.02,-43.36
Templo Premium,Avenida Heitor Doyle Maia,2240,22641-270,Barra da Tijuca,Barra Central,-23.02,-43.36
Imperial Premium,Rua Paulo Moura,2250,22640-090,Barra da Tijuca,Barra Central,-23.02,-43.36
Régis Premium,Avenida Jornalista Tim Lopes,2260,22640-100,Barra da Tijuca,Barra Central,-23.02,-43.36
Premium Premium,Avenida Lúcio Costa,2270,22630-011,Barra da Tijuca,Eixo Lúcio Costa,-23.012,-43.371
Platinum Premium,Avenida das Américas,2280,22793-082,Recreio dos Bandeirantes,Eixo Américas,-23.025,-43.385
Torre Plus,Avenida Ayrton Senna,2290,22640-020,Barra da Tijuca,Barra Central,-23.02,-43.36
Residencial Plus,Avenida Embaixador Abelardo Bueno,2300,22630-011,Barra da Tijuca,Barra Oeste,-23.03,-43.39
Edifício Plus,Rua Mário Covas Júnior,2310,22620-970,Barra da Tijuca,Barra Central,-23.02,-43.36
Condomínio Plus,Avenida Heitor Doyle Maia,2320,22641-270,Barra da Tijuca,Barra Central,-23.02,-43.36
Mansão Plus,Rua Paulo Moura,2330,22640-090,Barra da Tijuca,Barra Central,-23.02,-43.36
Bloco Plus,Avenida Jornalista Tim Lopes,2340,22640-100,Barra da Tijuca,Barra Central,-23.02,-43.36
Conjunto Plus,Avenida Lúcio Costa,2350,22630-011,Barra da Tijuca,Eixo Lúcio Costa,-23.012,-43.371
Vila Plus,Avenida das Américas,2360,22793-082,Recreio dos Bandeirantes,Eixo Américas,-23.025,-43.385
Parque Plus,Avenida Ayrton Senna,2370,22640-020,Barra da Tijuca,Barra Central,-23.02,-43.36
Oasis Plus,Avenida Embaixador Abelardo Bueno,2380,22630-011,Barra da Tijuca,Barra Oeste,-23.03,-43.39
Templo Plus,Rua Mário Covas Júnior,2390,22620-970,Barra da Tijuca,Barra Central,-23.02,-43.36
Imperial Plus,Avenida Heitor Doyle Maia,2400,22641-270,Barra da Tijuca,Barra Central,-23.02,-43.36
Régis Plus,Rua Paulo Moura,2410,22640-090,Barra da Tijuca,Barra Central,-23.02,-43.36
Premium Plus,Avenida Jornalista Tim Lopes,2420,22640-100,Barra da Tijuca,Barra Central,-23.02,-43.36
Platinum Plus,Avenida Lúcio Costa,2430,22630-011,Barra da Tijuca,Eixo Lúcio Costa,-23.012,-43.371
Torre Elite,Avenida das Américas,2440,22793-082,Recreio dos Bandeirantes,Eixo Américas,-23.025,-43.385
Residencial Elite,Avenida Ayrton Senna,2450,22640-020,Barra da Tijuca,Barra Central,-23.02,-43.36
Edifício Elite,Avenida Embaixador Abelardo Bueno,2460,22630-011,Barra da Tijuca,Barra Oeste,-23.03,-43.39
Condomínio Elite,Rua Mário Covas Júnior,2470,22620-970,Barra da Tijuca,Barra Central,-23.02,-43.36
Mansão Elite,Avenida Heitor Doyle Maia,2480,22641-270,Barra da Tijuca,Barra Central,-23.02,-43.36
Bloco Elite,Rua Paulo Moura,2490,22640-090,Barra da Tijuca,Barra Central,-23.02,-43.36
Conjunto Elite,Avenida Jornalista Tim Lopes,2500,22640-100,Barra da Tijuca,Barra Central,-23.02,-43.36
Vila Elite,Avenida Lúcio Costa,2510,22630-011,Barra da Tijuca,Eixo Lúcio Costa,-23.012,-43.371
Parque Elite,Avenida das Américas,2520,22793-082,Recreio dos Bandeirantes,Eixo Américas,-23.025,-43.385
Oasis Elite,Avenida Ayrton Senna,2530,22640-020,Barra da Tijuca,Barra Central,-23.02,-43.36
Templo Elite,Avenida Embaixador Abelardo Bueno,2540,22630-011,Barra da Tijuca,Barra Oeste,-23.03,-43.39
Imperial Elite,Rua Mário Covas Júnior,2550,22620-970,Barra da Tijuca,Barra Central,-23.02,-43.36
Régis Elite,Avenida Heitor Doyle Maia,2560,22641-270,Barra da Tijuca,Barra Central,-23.02,-43.36
Premium Elite,Rua Paulo Moura,2570,22640-090,Barra da Tijuca,Barra Central,-23.02,-43.36
Platinum Elite,Avenida Jornalista Tim Lopes,2580,22640-100,Barra da Tijuca,Barra Central,-23.02,-43.36
Torre Prestige,Avenida Lúcio Costa,2590,22630-011,Barra da Tijuca,Eixo Lúcio Costa,-23.012,-43.371
Residencial Prestige,Avenida das Américas,2600,22793-082,Recreio dos Bandeirantes,Eixo Américas,-23.025,-43.385
Edifício Prestige,Avenida Ayrton Senna,2610,22640-020,Barra da Tijuca,Barra Central,-23.02,-43.36
Condomínio Prestige,Avenida Embaixador Abelardo Bueno,2620,22630-011,Barra da Tijuca,Barra Oeste,-23.03,-43.39
Mansão Prestige,Rua Mário Covas Júnior,2630,22620-970,Barra da Tijuca,Barra Central,-23.02,-43.36
Bloco Prestige,Avenida Heitor Doyle Maia,2640,22641-270,Barra da Tijuca,Barra Central,-23.02,-43.36
Conjunto Prestige,Rua Paulo Moura,2650,22640-090,Barra da Tijuca,Barra Central,-23.02,-43.36
Vila Prestige,Avenida Jornalista Tim Lopes,2660,22640-100,Barra da Tijuca,Barra Central,-23.02,-43.36
Parque Prestige,Avenida Lúcio Costa,2670,22630-011,Barra da Tijuca,Eixo Lúcio Costa,-23.012,-43.371
Oasis Prestige,Avenida das Américas,2680,22793-082,Recreio dos Bandeirantes,Eixo Américas,-23.025,-43.385
Templo Prestige,Avenida Ayrton Senna,2690,22640-020,Barra da Tijuca,Barra Central,-23.02,-43.36
Imperial Prestige,Avenida Embaixador Abelardo Bueno,2700,22630-011,Barra da Tijuca,Barra Oeste,-23.03,-43.39
Régis Prestige,Rua Mário Covas Júnior,2710,22620-970,Barra da Tijuca,Barra Central,-23.02,-43.36
Premium Prestige,Avenida Heitor Doyle Maia,2720,22641-270,Barra da Tijuca,Barra Central,-23.02,-43.36
Platinum Prestige,Rua Paulo Moura,2730,22640-090,Barra da Tijuca,Barra Central,-23.02,-43.36
Torre Deluxe,Avenida Jornalista Tim Lopes,2740,22640-100,Barra da Tijuca,Barra Central,-23.02,-43.36
Residencial Deluxe,Avenida Lúcio Costa,2750,22630-011,Barra da Tijuca,Eixo Lúcio Costa,-23.012,-43.371
Edifício Deluxe,Avenida das Américas,2760,22793-082,Recreio dos Bandeirantes,Eixo Américas,-23.025,-43.385
Condomínio Deluxe,Avenida Ayrton Senna,2770,22640-020,Barra da Tijuca,Barra Central,-23.02,-43.36
Mansão Deluxe,Avenida Embaixador Abelardo Bueno,2780,22630-011,Barra da Tijuca,Barra Oeste,-23.03,-43.39
Bloco Deluxe,Rua Mário Covas Júnior,2790,22620-970,Barra da Tijuca,Barra Central,-23.02,-43.36
Conjunto Deluxe,Avenida Heitor Doyle Maia,2800,22641-270,Barra da Tijuca,Barra Central,-23.02,-43.36
Vila Deluxe,Rua Paulo Moura,2810,22640-090,Barra da Tijuca,Barra Central,-23.02,-43.36
Parque Deluxe,Avenida Jornalista Tim Lopes,2820,22640-100,Barra da Tijuca,Barra Central,-23.02,-43.36
Oasis Deluxe,Avenida Lúcio Costa,2830,22630-011,Barra da Tijuca,Eixo Lúcio Costa,-23.012,-43.371
Templo Deluxe,Avenida das Américas,2840,22793-082,Recreio dos Bandeirantes,Eixo Américas,-23.025,-43.385
Imperial Deluxe,Avenida Ayrton Senna,2850,22640-020,Barra da Tijuca,Barra Central,-23.02,-43.36
Régis Deluxe,Avenida Embaixador Abelardo Bueno,2860,22630-011,Barra da Tijuca,Barra Oeste,-23.03,-43.39
Premium Deluxe,Rua Mário Covas Júnior,2870,22620-970,Barra da Tijuca,Barra Central,-23.02,-43.36
Platinum Deluxe,Avenida Heitor Doyle Maia,2880,22641-270,Barra da Tijuca,Barra Central,-23.02,-43.36
Torre Royal,Rua Paulo Moura,2890,22640-090,Barra da Tijuca,Barra Central,-23.02,-43.36
Residencial Royal,Avenida Jornalista Tim Lopes,2900,22640-100,Barra da Tijuca,Barra Central,-23.02,-43.36
Edifício Royal,Avenida Lúcio Costa,2910,22630-011,Barra da Tijuca,Eixo Lúcio Costa,-23.012,-43.371
Condomínio Royal,Avenida das Américas,2920,22793-082,Recreio dos Bandeirantes,Eixo Américas,-23.025,-43.385
Mansão Royal,Avenida Ayrton Senna,2930,22640-020,Barra da Tijuca,Barra Central,-23.02,-43.36
Bloco Royal,Avenida Embaixador Abelardo Bueno,2940,22630-011,Barra da Tijuca,Barra Oeste,-23.03,-43.39
Conjunto Royal,Rua Mário Covas Júnior,2950,22620-970,Barra da Tijuca,Barra Central,-23.02,-43.36
Vila Royal,Avenida Heitor Doyle Maia,2960,22641-270,Barra da Tijuca,Barra Central,-23.02,-43.36
Parque Royal,Rua Paulo Moura,2970,22640-090,Barra da Tijuca,Barra Central,-23.02,-43.36
Oasis Royal,Avenida Jornalista Tim Lopes,2980,22640-100,Barra da Tijuca,Barra Central,-23.02,-43.36
Templo Royal,Avenida Lúcio Costa,2990,22630-011,Barra da Tijuca,Eixo Lúcio Costa,-23.012,-43.371
Imperial Royal,Avenida das Américas,3000,22793-082,Recreio dos Bandeirantes,Eixo Américas,-23.025,-43.385
Régis Royal,Avenida Ayrton Senna,3010,22640-020,Barra da Tijuca,Barra Central,-23.02,-43.36
Premium Royal,Avenida Embaixador Abelardo Bueno,3020,22630-011,Barra da Tijuca,Barra Oeste,-23.03,-43.39
Platinum Royal,Rua Mário Covas Júnior,3030,22620-970,Barra da Tijuca,Barra Central,-23.02,-43.36
Torre Select,Avenida Heitor Doyle Maia,3040,22641-270,Barra da Tijuca,Barra Central,-23.02,-43.36
Residencial Select,Rua Paulo Moura,3050,22640-090,Barra da Tijuca,Barra Central,-23.02,-43.36
Edifício Select,Avenida Jornalista Tim Lopes,3060,22640-100,Barra da Tijuca,Barra Central,-23.02,-43.36
Condomínio Select,Avenida Lúcio Costa,3070,22630-011,Barra da Tijuca,Eixo Lúcio Costa,-23.012,-43.371
Mansão Select,Avenida das Américas,3080,22793-082,Recreio dos Bandeirantes,Eixo Américas,-23.025,-43.385
Bloco Select,Avenida Ayrton Senna,3090,22640-020,Barra da Tijuca,Barra Central,-23.02,-43.36
Conjunto Select,Avenida Embaixador Abelardo Bueno,3100,22630-011,Barra da Tijuca,Barra Oeste,-23.03,-43.39
Vila Select,Rua Mário Covas Júnior,3110,22620-970,Barra da Tijuca,Barra Central,-23.02,-43.36
Parque Select,Avenida Heitor Doyle Maia,3120,22641-270,Barra da Tijuca,Barra Central,-23.02,-43.36
Oasis Select,Rua Paulo Moura,3130,22640-090,Barra da Tijuca,Barra Central,-23.02,-43.36
Templo Select,Avenida Jornalista Tim Lopes,3140,22640-100,Barra da Tijuca,Barra Central,-23.02,-43.36
Imperial Select,Avenida Lúcio Costa,3150,22630-011,Barra da Tijuca,Eixo Lúcio Costa,-23.012,-43.371
Régis Select,Avenida das Américas,3160,22793-082,Recreio dos Bandeirantes,Eixo Américas,-23.025,-43.385
Premium Select,Avenida Ayrton Senna,3170,22640-020,Barra da Tijuca,Barra Central,-23.02,-43.36
Platinum Select,Avenida Embaixador Abelardo Bueno,3180,22630-011,Barra da Tijuca,Barra Oeste,-23.03,-43.39
Torre Classic,Rua Mário Covas Júnior,3190,22620-970,Barra da Tijuca,Barra Central,-23.02,-43.36
Residencial Classic,Avenida Heitor Doyle Maia,3200,22641-270,Barra da Tijuca,Barra Central,-23.02,-43.36
Edifício Classic,Rua Paulo Moura,3210,22640-090,Barra da Tijuca,Barra Central,-23.02,-43.36
Condomínio Classic,Avenida Jornalista Tim Lopes,3220,22640-100,Barra da Tijuca,Barra Central,-23.02,-43.36
Mansão Classic,Avenida Lúcio Costa,3230,22630-011,Barra da Tijuca,Eixo Lúcio Costa,-23.012,-43.371
Bloco Classic,Avenida das Américas,3240,22793-082,Recreio dos Bandeirantes,Eixo Américas,-23.025,-43.385
Conjunto Classic,Avenida Ayrton Senna,3250,22640-020,Barra da Tijuca,Barra Central,-23.02,-43.36
Vila Classic,Avenida Embaixador Abelardo Bueno,3260,22630-011,Barra da Tijuca,Barra Oeste,-23.03,-43.39
Parque Classic,Rua Mário Covas Júnior,3270,22620-970,Barra da Tijuca,Barra Central,-23.02,-43.36
Oasis Classic,Avenida Heitor Doyle Maia,3280,22641-270,Barra da Tijuca,Barra Central,-23.02,-43.36
Templo Classic,Rua Paulo Moura,3290,22640-090,Barra da Tijuca,Barra Central,-23.02,-43.36
Imperial Classic,Avenida Jornalista Tim Lopes,3300,22640-100,Barra da Tijuca,Barra Central,-23.02,-43.36
Régis Classic,Avenida Lúcio Costa,3310,22630-011,Barra da Tijuca,Eixo Lúcio Costa,-23.012,-43.371
Premium Classic,Avenida das Américas,3320,22793-082,Recreio dos Bandeirantes,Eixo Américas,-23.025,-43.385
Platinum Classic,Avenida Ayrton Senna,3330,22640-020,Barra da Tijuca,Barra Central,-23.02,-43.36
Torre Dream,Avenida Embaixador Abelardo Bueno,3340,22630-011,Barra da Tijuca,Barra Oeste,-23.03,-43.39
Residencial Dream,Rua Mário Covas Júnior,3350,22620-970,Barra da Tijuca,Barra Central,-23.02,-43.36
Edifício Dream,Avenida Heitor Doyle Maia,3360,22641-270,Barra da Tijuca,Barra Central,-23.02,-43.36
Condomínio Dream,Rua Paulo Moura,3370,22640-090,Barra da Tijuca,Barra Central,-23.02,-43.36
Mansão Dream,Avenida Jornalista Tim Lopes,3380,22640-100,Barra da Tijuca,Barra Central,-23.02,-43.36
Bloco Dream,Avenida Lúcio Costa,3390,22630-011,Barra da Tijuca,Eixo Lúcio Costa,-23.012,-43.371
Conjunto Dream,Avenida das Américas,3400,22793-082,Recreio dos Bandeirantes,Eixo Américas,-23.025,-43.385
Vila Dream,Avenida Ayrton Senna,3410,22640-020,Barra da Tijuca,Barra Central,-23.02,-43.36
Parque Dream,Avenida Embaixador Abelardo Bueno,3420,22630-011,Barra da Tijuca,Barra Oeste,-23.03,-43.39
Oasis Dream,Rua Mário Covas Júnior,3430,22620-970,Barra da Tijuca,Barra Central,-23.02,-43.36
Templo Dream,Avenida Heitor Doyle Maia,3440,22641-270,Barra da Tijuca,Barra Central,-23.02,-43.36
Imperial Dream,Rua Paulo Moura,3450,22640-090,Barra da Tijuca,Barra Central,-23.02,-43.36
Régis Dream,Avenida Jornalista Tim Lopes,3460,22640-100,Barra da Tijuca,Barra Central,-23.02,-43.36
Premium Dream,Avenida Lúcio Costa,3470,22630-011,Barra da Tijuca,Eixo Lúcio Costa,-23.012,-43.371
Platinum Dream,Avenida das Américas,3480,22793-082,Recreio dos Bandeirantes,Eixo Américas,-23.025,-43.385
Torre Star,Avenida Ayrton Senna,3490,22640-020,Barra da Tijuca,Barra Central,-23.02,-43.36
Residencial Star,Avenida Embaixador Abelardo Bueno,3500,22630-011,Barra da Tijuca,Barra Oeste,-23.03,-43.39
Edifício Star,Rua Mário Covas Júnior,3510,22620-970,Barra da Tijuca,Barra Central,-23.02,-43.36
Condomínio Star,Avenida Heitor Doyle Maia,3520,22641-270,Barra da Tijuca,Barra Central,-23.02,-43.36
Mansão Star,Rua Paulo Moura,3530,22640-090,Barra da Tijuca,Barra Central,-23.02,-43.36
Bloco Star,Avenida Jornalista Tim Lopes,3540,22640-100,Barra da Tijuca,Barra Central,-23.02,-43.36
Conjunto Star,Avenida Lúcio Costa,3550,22630-011,Barra da Tijuca,Eixo Lúcio Costa,-23.012,-43.371
Vila Star,Avenida das Américas,3560,22793-082,Recreio dos Bandeirantes,Eixo Américas,-23.025,-43.385
Parque Star,Avenida Ayrton Senna,3570,22640-020,Barra da Tijuca,Barra Central,-23.02,-43.36
Oasis Star,Avenida Embaixador Abelardo Bueno,3580,22630-011,Barra da Tijuca,Barra Oeste,-23.03,-43.39
Templo Star,Rua Mário Covas Júnior,3590,22620-970,Barra da Tijuca,Barra Central,-23.02,-43.36
Imperial Star,Avenida Heitor Doyle Maia,3600,22641-270,Barra da Tijuca,Barra Central,-23.02,-43.36
Régis Star,Rua Paulo Moura,3610,22640-090,Barra da Tijuca,Barra Central,-23.02,-43.36
Premium Star,Avenida Jornalista Tim Lopes,3620,22640-100,Barra da Tijuca,Barra Central,-23.02,-43.36
Platinum Star,Avenida Lúcio Costa,3630,22630-011,Barra da Tijuca,Eixo Lúcio Costa,-23.012,-43.371
Torre Barra 1,Avenida das Américas,3640,22793-082,Recreio dos Bandeirantes,Eixo Américas,-23.025,-43.385
Residencial Barra 1,Avenida Ayrton Senna,3650,22640-020,Barra da Tijuca,Barra Central,-23.02,-43.36
Edifício Barra 1,Avenida Embaixador Abelardo Bueno,3660,22630-011,Barra da Tijuca,Barra Oeste,-23.03,-43.39
Condomínio Barra 1,Rua Mário Covas Júnior,3670,22620-970,Barra da Tijuca,Barra Central,-23.02,-43.36
Mansão Barra 1,Avenida Heitor Doyle Maia,3680,22641-270,Barra da Tijuca,Barra Central,-23.02,-43.36
Bloco Barra 1,Rua Paulo Moura,3690,22640-090,Barra da Tijuca,Barra Central,-23.02,-43.36
Conjunto Barra 1,Avenida Jornalista Tim Lopes,3700,22640-100,Barra da Tijuca,Barra Central,-23.02,-43.36
Vila Barra 1,Avenida Lúcio Costa,3710,22630-011,Barra da Tijuca,Eixo Lúcio Costa,-23.012,-43.371
Parque Barra 1,Avenida das Américas,3720,22793-082,Recreio dos Bandeirantes,Eixo Américas,-23.025,-43.385
Oasis Barra 1,Avenida Ayrton Senna,3730,22640-020,Barra da Tijuca,Barra Central,-23.02,-43.36
Templo Barra 1,Avenida Embaixador Abelardo Bueno,3740,22630-011,Barra da Tijuca,Barra Oeste,-23.03,-43.39
Imperial Barra 1,Rua Mário Covas Júnior,3750,22620-970,Barra da Tijuca,Barra Central,-23.02,-43.36
Régis Barra 1,Avenida Heitor Doyle Maia,3760,22641-270,Barra da Tijuca,Barra Central,-23.02,-43.36
Premium Barra 1,Rua Paulo Moura,3770,22640-090,Barra da Tijuca,Barra Central,-23.02,-43.36
Platinum Barra 1,Avenida Jornalista Tim Lopes,3780,22640-100,Barra da Tijuca,Barra Central,-23.02,-43.36
Torre Palace 1,Avenida Lúcio Costa,3790,22630-011,Barra da Tijuca,Eixo Lúcio Costa,-23.012,-43.371
Residencial Palace 1,Avenida das Américas,3800,22793-082,Recreio dos Bandeirantes,Eixo Américas,-23.025,-43.385
Edifício Palace 1,Avenida Ayrton Senna,3810,22640-020,Barra da Tijuca,Barra Central,-23.02,-43.36
Condomínio Palace 1,Avenida Embaixador Abelardo Bueno,3820,22630-011,Barra da Tijuca,Barra Oeste,-23.03,-43.39
Mansão Palace 1,Rua Mário Covas Júnior,3830,22620-970,Barra da Tijuca,Barra Central,-23.02,-43.36
Bloco Palace 1,Avenida Heitor Doyle Maia,3840,22641-270,Barra da Tijuca,Barra Central,-23.02,-43.36
Conjunto Palace 1,Rua Paulo Moura,3850,22640-090,Barra da Tijuca,Barra Central,-23.02,-43.36
Vila Palace 1,Avenida Jornalista Tim Lopes,3860,22640-100,Barra da Tijuca,Barra Central,-23.02,-43.36
Parque Palace 1,Avenida Lúcio Costa,3870,22630-011,Barra da Tijuca,Eixo Lúcio Costa,-23.012,-43.371
Oasis Palace 1,Avenida das Américas,3880,22793-082,Recreio dos Bandeirantes,Eixo Américas,-23.025,-43.385
Templo Palace 1,Avenida Ayrton Senna,3890,22640-020,Barra da Tijuca,Barra Central,-23.02,-43.36
Imperial Palace 1,Avenida Embaixador Abelardo Bueno,3900,22630-011,Barra da Tijuca,Barra Oeste,-23.03,-43.39
Régis Palace 1,Rua Mário Covas Júnior,3910,22620-970,Barra da Tijuca,Barra Central,-23.02,-43.36
Premium Palace 1,Avenida Heitor Doyle Maia,3920,22641-270,Barra da Tijuca,Barra Central,-23.02,-43.36
Platinum Palace 1,Rua Paulo Moura,3930,22640-090,Barra da Tijuca,Barra Central,-23.02,-43.36
Torre Prime 1,Avenida Jornalista Tim Lopes,3940,22640-100,Barra da Tijuca,Barra Central,-23.02,-43.36
Residencial Prime 1,Avenida Lúcio Costa,3950,22630-011,Barra da Tijuca,Eixo Lúcio Costa,-23.012,-43.371
Edifício Prime 1,Avenida das Américas,3960,22793-082,Recreio dos Bandeirantes,Eixo Américas,-23.025,-43.385
Condomínio Prime 1,Avenida Ayrton Senna,3970,22640-020,Barra da Tijuca,Barra Central,-23.02,-43.36
Mansão Prime 1,Avenida Embaixador Abelardo Bueno,3980,22630-011,Barra da Tijuca,Barra Oeste,-23.03,-43.39
Bloco Prime 1,Rua Mário Covas Júnior,3990,22620-970,Barra da Tijuca,Barra Central,-23.02,-43.36
Conjunto Prime 1,Avenida Heitor Doyle Maia,4000,22641-270,Barra da Tijuca,Barra Central,-23.02,-43.36
Vila Prime 1,Rua Paulo Moura,4010,22640-090,Barra da Tijuca,Barra Central,-23.02,-43.36
Parque Prime 1,Avenida Jornalista Tim Lopes,4020,22640-100,Barra da Tijuca,Barra Central,-23.02,-43.36
Oasis Prime 1,Avenida Lúcio Costa,4030,22630-011,Barra da Tijuca,Eixo Lúcio Costa,-23.012,-43.371
Templo Prime 1,Avenida das Américas,4040,22793-082,Recreio dos Bandeirantes,Eixo Américas,-23.025,-43.385
Imperial Prime 1,Avenida Ayrton Senna,4050,22640-020,Barra da Tijuca,Barra Central,-23.02,-43.36
Régis Prime 1,Avenida Embaixador Abelardo Bueno,4060,22630-011,Barra da Tijuca,Barra Oeste,-23.03,-43.39
Premium Prime 1,Rua Mário Covas Júnior,4070,22620-970,Barra da Tijuca,Barra Central,-23.02,-43.36
Platinum Prime 1,Avenida Heitor Doyle Maia,4080,22641-270,Barra da Tijuca,Barra Central,-23.02,-43.36
Torre Luxury 1,Rua Paulo Moura,4090,22640-090,Barra da Tijuca,Barra Central,-23.02,-43.36
Residencial Luxury 1,Avenida Jornalista Tim Lopes,4100,22640-100,Barra da Tijuca,Barra Central,-23.02,-43.36
Edifício Luxury 1,Avenida Lúcio Costa,4110,22630-011,Barra da Tijuca,Eixo Lúcio Costa,-23.012,-43.371
Condomínio Luxury 1,Avenida das Américas,4120,22793-082,Recreio dos Bandeirantes,Eixo Américas,-23.025,-43.385
Mansão Luxury 1,Avenida Ayrton Senna,4130,22640-020,Barra da Tijuca,Barra Central,-23.02,-43.36
Bloco Luxury 1,Avenida Embaixador Abelardo Bueno,4140,22630-011,Barra da Tijuca,Barra Oeste,-23.03,-43.39
Conjunto Luxury 1,Rua Mário Covas Júnior,4150,22620-970,Barra da Tijuca,Barra Central,-23.02,-43.36
Vila Luxury 1,Avenida Heitor Doyle Maia,4160,22641-270,Barra da Tijuca,Barra Central,-23.02,-43.36
Parque Luxury 1,Rua Paulo Moura,4170,22640-090,Barra da Tijuca,Barra Central,-23.02,-43.36
Oasis Luxury 1,Avenida Jornalista Tim Lopes,4180,22640-100,Barra da Tijuca,Barra Central,-23.02,-43.36
Templo Luxury 1,Avenida Lúcio Costa,4190,22630-011,Barra da Tijuca,Eixo Lúcio Costa,-23.012,-43.371
Imperial Luxury 1,Avenida das Américas,4200,22793-082,Recreio dos Bandeirantes,Eixo Américas,-23.025,-43.385
Régis Luxury 1,Avenida Ayrton Senna,4210,22640-020,Barra da Tijuca,Barra Central,-23.02,-43.36
Premium Luxury 1,Avenida Embaixador Abelardo Bueno,4220,22630-011,Barra da Tijuca,Barra Oeste,-23.03,-43.39
Platinum Luxury 1,Rua Mário Covas Júnior,4230,22620-970,Barra da Tijuca,Barra Central,-23.02,-43.36
Torre Gold 1,Avenida Heitor Doyle Maia,4240,22641-270,Barra da Tijuca,Barra Central,-23.02,-43.36
Residencial Gold 1,Rua Paulo Moura,4250,22640-090,Barra da Tijuca,Barra Central,-23.02,-43.36
Edifício Gold 1,Avenida Jornalista Tim Lopes,4260,22640-100,Barra da Tijuca,Barra Central,-23.02,-43.36
Condomínio Gold 1,Avenida Lúcio Costa,4270,22630-011,Barra da Tijuca,Eixo Lúcio Costa,-23.012,-43.371
Mansão Gold 1,Avenida das Américas,4280,22793-082,Recreio dos Bandeirantes,Eixo Américas,-23.025,-43.385
Bloco Gold 1,Avenida Ayrton Senna,4290,22640-020,Barra da Tijuca,Barra Central,-23.02,-43.36
Conjunto Gold 1,Avenida Embaixador Abelardo Bueno,4300,22630-011,Barra da Tijuca,Barra Oeste,-23.03,-43.39
Vila Gold 1,Rua Mário Covas Júnior,4310,22620-970,Barra da Tijuca,Barra Central,-23.02,-43.36
Parque Gold 1,Avenida Heitor Doyle Maia,4320,22641-270,Barra da Tijuca,Barra Central,-23.02,-43.36
Oasis Gold 1,Rua Paulo Moura,4330,22640-090,Barra da Tijuca,Barra Central,-23.02,-43.36
Templo Gold 1,Avenida Jornalista Tim Lopes,4340,22640-100,Barra da Tijuca,Barra Central,-23.02,-43.36
Imperial Gold 1,Avenida Lúcio Costa,4350,22630-011,Barra da Tijuca,Eixo Lúcio Costa,-23.012,-43.371
Régis Gold 1,Avenida das Américas,4360,22793-082,Recreio dos Bandeirantes,Eixo Américas,-23.025,-43.385
Premium Gold 1,Avenida Ayrton Senna,4370,22640-020,Barra da Tijuca,Barra Central,-23.02,-43.36
Platinum Gold 1,Avenida Embaixador Abelardo Bueno,4380,22630-011,Barra da Tijuca,Barra Oeste,-23.03,-43.39
Torre Premium 1,Rua Mário Covas Júnior,4390,22620-970,Barra da Tijuca,Barra Central,-23.02,-43.36
Residencial Premium 1,Avenida Heitor Doyle Maia,4400,22641-270,Barra da Tijuca,Barra Central,-23.02,-43.36
Edifício Premium 1,Rua Paulo Moura,4410,22640-090,Barra da Tijuca,Barra Central,-23.02,-43.36
Condomínio Premium 1,Avenida Jornalista Tim Lopes,4420,22640-100,Barra da Tijuca,Barra Central,-23.02,-43.36
Mansão Premium 1,Avenida Lúcio Costa,4430,22630-011,Barra da Tijuca,Eixo Lúcio Costa,-23.012,-43.371
Bloco Premium 1,Avenida das Américas,4440,22793-082,Recreio dos Bandeirantes,Eixo Américas,-23.025,-43.385
Conjunto Premium 1,Avenida Ayrton Senna,4450,22640-020,Barra da Tijuca,Barra Central,-23.02,-43.36
Vila Premium 1,Avenida Embaixador Abelardo Bueno,4460,22630-011,Barra da Tijuca,Barra Oeste,-23.03,-43.39
Parque Premium 1,Rua Mário Covas Júnior,4470,22620-970,Barra da Tijuca,Barra Central,-23.02,-43.36
Oasis Premium 1,Avenida Heitor Doyle Maia,4480,22641-270,Barra da Tijuca,Barra Central,-23.02,-43.36
Templo Premium 1,Rua Paulo Moura,4490,22640-090,Barra da Tijuca,Barra Central,-23.02,-43.36
Imperial Premium 1,Avenida Jornalista Tim Lopes,4500,22640-100,Barra da Tijuca,Barra Central,-23.02,-43.36
Régis Premium 1,Avenida Lúcio Costa,4510,22630-011,Barra da Tijuca,Eixo Lúcio Costa,-23.012,-43.371
Premium Premium 1,Avenida das Américas,4520,22793-082,Recreio dos Bandeirantes,Eixo Américas,-23.025,-43.385
Platinum Premium 1,Avenida Ayrton Senna,4530,22640-020,Barra da Tijuca,Barra Central,-23.02,-43.36
Torre Plus 1,Avenida Embaixador Abelardo Bueno,4540,22630-011,Barra da Tijuca,Barra Oeste,-23.03,-43.39
Residencial Plus 1,Rua Mário Covas Júnior,4550,22620-970,Barra da Tijuca,Barra Central,-23.02,-43.36
Edifício Plus 1,Avenida Heitor Doyle Maia,4560,22641-270,Barra da Tijuca,Barra Central,-23.02,-43.36
Condomínio Plus 1,Rua Paulo Moura,4570,22640-090,Barra da Tijuca,Barra Central,-23.02,-43.36
Mansão Plus 1,Avenida Jornalista Tim Lopes,4580,22640-100,Barra da Tijuca,Barra Central,-23.02,-43.36
Bloco Plus 1,Avenida Lúcio Costa,4590,22630-011,Barra da Tijuca,Eixo Lúcio Costa,-23.012,-43.371
Conjunto Plus 1,Avenida das Américas,4600,22793-082,Recreio dos Bandeirantes,Eixo Américas,-23.025,-43.385
Vila Plus 1,Avenida Ayrton Senna,4610,22640-020,Barra da Tijuca,Barra Central,-23.02,-43.36
Parque Plus 1,Avenida Embaixador Abelardo Bueno,4620,22630-011,Barra da Tijuca,Barra Oeste,-23.03,-43.39
Oasis Plus 1,Rua Mário Covas Júnior,4630,22620-970,Barra da Tijuca,Barra Central,-23.02,-43.36
Templo Plus 1,Avenida Heitor Doyle Maia,4640,22641-270,Barra da Tijuca,Barra Central,-23.02,-43.36
Imperial Plus 1,Rua Paulo Moura,4650,22640-090,Barra da Tijuca,Barra Central,-23.02,-43.36
Régis Plus 1,Avenida Jornalista Tim Lopes,4660,22640-100,Barra da Tijuca,Barra Central,-23.02,-43.36
Premium Plus 1,Avenida Lúcio Costa,4670,22630-011,Barra da Tijuca,Eixo Lúcio Costa,-23.012,-43.371
Platinum Plus 1,Avenida das Américas,4680,22793-082,Recreio dos Bandeirantes,Eixo Américas,-23.025,-43.385
Torre Elite 1,Avenida Ayrton Senna,4690,22640-020,Barra da Tijuca,Barra Central,-23.02,-43.36
Residencial Elite 1,Avenida Embaixador Abelardo Bueno,4700,22630-011,Barra da Tijuca,Barra Oeste,-23.03,-43.39
Edifício Elite 1,Rua Mário Covas Júnior,4710,22620-970,Barra da Tijuca,Barra Central,-23.02,-43.36
Condomínio Elite 1,Avenida Heitor Doyle Maia,4720,22641-270,Barra da Tijuca,Barra Central,-23.02,-43.36
Mansão Elite 1,Rua Paulo Moura,4730,22640-090,Barra da Tijuca,Barra Central,-23.02,-43.36
Bloco Elite 1,Avenida Jornalista Tim Lopes,4740,22640-100,Barra da Tijuca,Barra Central,-23.02,-43.36
Conjunto Elite 1,Avenida Lúcio Costa,4750,22630-011,Barra da Tijuca,Eixo Lúcio Costa,-23.012,-43.371
Vila Elite 1,Avenida das Américas,4760,22793-082,Recreio dos Bandeirantes,Eixo Américas,-23.025,-43.385
Parque Elite 1,Avenida Ayrton Senna,4770,22640-020,Barra da Tijuca,Barra Central,-23.02,-43.36
Oasis Elite 1,Avenida Embaixador Abelardo Bueno,4780,22630-011,Barra da Tijuca,Barra Oeste,-23.03,-43.39
Templo Elite 1,Rua Mário Covas Júnior,4790,22620-970,Barra da Tijuca,Barra Central,-23.02,-43.36
Imperial Elite 1,Avenida Heitor Doyle Maia,4800,22641-270,Barra da Tijuca,Barra Central,-23.02,-43.36
Régis Elite 1,Rua Paulo Moura,4810,22640-090,Barra da Tijuca,Barra Central,-23.02,-43.36
Premium Elite 1,Avenida Jornalista Tim Lopes,4820,22640-100,Barra da Tijuca,Barra Central,-23.02,-43.36
Platinum Elite 1,Avenida Lúcio Costa,4830,22630-011,Barra da Tijuca,Eixo Lúcio Costa,-23.012,-43.371
Torre Prestige 1,Avenida das Américas,4840,22793-082,Recreio dos Bandeirantes,Eixo Américas,-23.025,-43.385
Residencial Prestige 1,Avenida Ayrton Senna,4850,22640-020,Barra da Tijuca,Barra Central,-23.02,-43.36
Edifício Prestige 1,Avenida Embaixador Abelardo Bueno,4860,22630-011,Barra da Tijuca,Barra Oeste,-23.03,-43.39
Condomínio Prestige 1,Rua Mário Covas Júnior,4870,22620-970,Barra da Tijuca,Barra Central,-23.02,-43.36
Mansão Prestige 1,Avenida Heitor Doyle Maia,4880,22641-270,Barra da Tijuca,Barra Central,-23.02,-43.36
Bloco Prestige 1,Rua Paulo Moura,4890,22640-090,Barra da Tijuca,Barra Central,-23.02,-43.36
Conjunto Prestige 1,Avenida Jornalista Tim Lopes,4900,22640-100,Barra da Tijuca,Barra Central,-23.02,-43.36
Vila Prestige 1,Avenida Lúcio Costa,4910,22630-011,Barra da Tijuca,Eixo Lúcio Costa,-23.012,-43.371
Parque Prestige 1,Avenida das Américas,4920,22793-082,Recreio dos Bandeirantes,Eixo Américas,-23.025,-43.385
Oasis Prestige 1,Avenida Ayrton Senna,4930,22640-020,Barra da Tijuca,Barra Central,-23.02,-43.36
Templo Prestige 1,Avenida Embaixador Abelardo Bueno,4940,22630-011,Barra da Tijuca,Barra Oeste,-23.03,-43.39
Imperial Prestige 1,Rua Mário Covas Júnior,4950,22620-970,Barra da Tijuca,Barra Central,-23.02,-43.36
Régis Prestige 1,Avenida Heitor Doyle Maia,4960,22641-270,Barra da Tijuca,Barra Central,-23.02,-43.36
Premium Prestige 1,Rua Paulo Moura,4970,22640-090,Barra da Tijuca,Barra Central,-23.02,-43.36
Platinum Prestige 1,Avenida Jornalista Tim Lopes,4980,22640-100,Barra da Tijuca,Barra Central,-23.02,-43.36
Torre Deluxe 1,Avenida Lúcio Costa,4990,22630-011,Barra da Tijuca,Eixo Lúcio Costa,-23.012,-43.371
Residencial Deluxe 1,Avenida das Américas,5000,22793-082,Recreio dos Bandeirantes,Eixo Américas,-23.025,-43.385
Edifício Deluxe 1,Avenida Ayrton Senna,5010,22640-020,Barra da Tijuca,Barra Central,-23.02,-43.36
Condomínio Deluxe 1,Avenida Embaixador Abelardo Bueno,5020,22630-011,Barra da Tijuca,Barra Oeste,-23.03,-43.39
Mansão Deluxe 1,Rua Mário Covas Júnior,5030,22620-970,Barra da Tijuca,Barra Central,-23.02,-43.36
Bloco Deluxe 1,Avenida Heitor Doyle Maia,5040,22641-270,Barra da Tijuca,Barra Central,-23.02,-43.36
Conjunto Deluxe 1,Rua Paulo Moura,5050,22640-090,Barra da Tijuca,Barra Central,-23.02,-43.36
Vila Deluxe 1,Avenida Jornalista Tim Lopes,5060,22640-100,Barra da Tijuca,Barra Central,-23.02,-43.36
Parque Deluxe 1,Avenida Lúcio Costa,5070,22630-011,Barra da Tijuca,Eixo Lúcio Costa,-23.012,-43.371
Oasis Deluxe 1,Avenida das Américas,5080,22793-082,Recreio dos Bandeirantes,Eixo Américas,-23.025,-43.385
Templo Deluxe 1,Avenida Ayrton Senna,5090,22640-020,Barra da Tijuca,Barra Central,-23.02,-43.36
Imperial Deluxe 1,Avenida Embaixador Abelardo Bueno,5100,22630-011,Barra da Tijuca,Barra Oeste,-23.03,-43.39
Régis Deluxe 1,Rua Mário Covas Júnior,5110,22620-970,Barra da Tijuca,Barra Central,-23.02,-43.36
Premium Deluxe 1,Avenida Heitor Doyle Maia,5120,22641-270,Barra da Tijuca,Barra Central,-23.02,-43.36
Platinum Deluxe 1,Rua Paulo Moura,5130,22640-090,Barra da Tijuca,Barra Central,-23.02,-43.36
Torre Royal 1,Avenida Jornalista Tim Lopes,5140,22640-100,Barra da Tijuca,Barra Central,-23.02,-43.36
Residencial Royal 1,Avenida Lúcio Costa,5150,22630-011,Barra da Tijuca,Eixo Lúcio Costa,-23.012,-43.371
Edifício Royal 1,Avenida das Américas,5160,22793-082,Recreio dos Bandeirantes,Eixo Américas,-23.025,-43.385
Condomínio Royal 1,Avenida Ayrton Senna,5170,22640-020,Barra da Tijuca,Barra Central,-23.02,-43.36
Mansão Royal 1,Avenida Embaixador Abelardo Bueno,5180,22630-011,Barra da Tijuca,Barra Oeste,-23.03,-43.39
Bloco Royal 1,Rua Mário Covas Júnior,5190,22620-970,Barra da Tijuca,Barra Central,-23.02,-43.36
Conjunto Royal 1,Avenida Heitor Doyle Maia,5200,22641-270,Barra da Tijuca,Barra Central,-23.02,-43.36
Vila Royal 1,Rua Paulo Moura,5210,22640-090,Barra da Tijuca,Barra Central,-23.02,-43.36
Parque Royal 1,Avenida Jornalista Tim Lopes,5220,22640-100,Barra da Tijuca,Barra Central,-23.02,-43.36
Oasis Royal 1,Avenida Lúcio Costa,5230,22630-011,Barra da Tijuca,Eixo Lúcio Costa,-23.012,-43.371
Templo Royal 1,Avenida das Américas,5240,22793-082,Recreio dos Bandeirantes,Eixo Américas,-23.025,-43.385
Imperial Royal 1,Avenida Ayrton Senna,5250,22640-020,Barra da Tijuca,Barra Central,-23.02,-43.36
Régis Royal 1,Avenida Embaixador Abelardo Bueno,5260,22630-011,Barra da Tijuca,Barra Oeste,-23.03,-43.39
Premium Royal 1,Rua Mário Covas Júnior,5270,22620-970,Barra da Tijuca,Barra Central,-23.02,-43.36
Platinum Royal 1,Avenida Heitor Doyle Maia,5280,22641-270,Barra da Tijuca,Barra Central,-23.02,-43.36
Torre Select 1,Rua Paulo Moura,5290,22640-090,Barra da Tijuca,Barra Central,-23.02,-43.36
Residencial Select 1,Avenida Jornalista Tim Lopes,5300,22640-100,Barra da Tijuca,Barra Central,-23.02,-43.36
Edifício Select 1,Avenida Lúcio Costa,5310,22630-011,Barra da Tijuca,Eixo Lúcio Costa,-23.012,-43.371
Condomínio Select 1,Avenida das Américas,5320,22793-082,Recreio dos Bandeirantes,Eixo Américas,-23.025,-43.385
Mansão Select 1,Avenida Ayrton Senna,5330,22640-020,Barra da Tijuca,Barra Central,-23.02,-43.36
Bloco Select 1,Avenida Embaixador Abelardo Bueno,5340,22630-011,Barra da Tijuca,Barra Oeste,-23.03,-43.39
Conjunto Select 1,Rua Mário Covas Júnior,5350,22620-970,Barra da Tijuca,Barra Central,-23.02,-43.36
Vila Select 1,Avenida Heitor Doyle Maia,5360,22641-270,Barra da Tijuca,Barra Central,-23.02,-43.36
Parque Select 1,Rua Paulo Moura,5370,22640-090,Barra da Tijuca,Barra Central,-23.02,-43.36
Oasis Select 1,Avenida Jornalista Tim Lopes,5380,22640-100,Barra da Tijuca,Barra Central,-23.02,-43.36
Templo Select 1,Avenida Lúcio Costa,5390,22630-011,Barra da Tijuca,Eixo Lúcio Costa,-23.012,-43.371
Imperial Select 1,Avenida das Américas,5400,22793-082,Recreio dos Bandeirantes,Eixo Américas,-23.025,-43.385
Régis Select 1,Avenida Ayrton Senna,5410,22640-020,Barra da Tijuca,Barra Central,-23.02,-43.36
Premium Select 1,Avenida Embaixador Abelardo Bueno,5420,22630-011,Barra da Tijuca,Barra Oeste,-23.03,-43.39
Platinum Select 1,Rua Mário Covas Júnior,5430,22620-970,Barra da Tijuca,Barra Central,-23.02,-43.36
Torre Classic 1,Avenida Heitor Doyle Maia,5440,22641-270,Barra da Tijuca,Barra Central,-23.02,-43.36
Residencial Classic 1,Rua Paulo Moura,5450,22640-090,Barra da Tijuca,Barra Central,-23.02,-43.36
Edifício Classic 1,Avenida Jornalista Tim Lopes,5460,22640-100,Barra da Tijuca,Barra Central,-23.02,-43.36
Condomínio Classic 1,Avenida Lúcio Costa,5470,22630-011,Barra da Tijuca,Eixo Lúcio Costa,-23.012,-43.371
Mansão Classic 1,Avenida das Américas,5480,22793-082,Recreio dos Bandeirantes,Eixo Américas,-23.025,-43.385
Bloco Classic 1,Avenida Ayrton Senna,5490,22640-020,Barra da Tijuca,Barra Central,-23.02,-43.36
Conjunto Classic 1,Avenida Embaixador Abelardo Bueno,5500,22630-011,Barra da Tijuca,Barra Oeste,-23.03,-43.39
Vila Classic 1,Rua Mário Covas Júnior,5510,22620-970,Barra da Tijuca,Barra Central,-23.02,-43.36
Parque Classic 1,Avenida Heitor Doyle Maia,5520,22641-270,Barra da Tijuca,Barra Central,-23.02,-43.36
Oasis Classic 1,Rua Paulo Moura,5530,22640-090,Barra da Tijuca,Barra Central,-23.02,-43.36
Templo Classic 1,Avenida Jornalista Tim Lopes,5540,22640-100,Barra da Tijuca,Barra Central,-23.02,-43.36
Imperial Classic 1,Avenida Lúcio Costa,5550,22630-011,Barra da Tijuca,Eixo Lúcio Costa,-23.012,-43.371
Régis Classic 1,Avenida das Américas,5560,22793-082,Recreio dos Bandeirantes,Eixo Américas,-23.025,-43.385
Premium Classic 1,Avenida Ayrton Senna,5570,22640-020,Barra da Tijuca,Barra Central,-23.02,-43.36
Platinum Classic 1,Avenida Embaixador Abelardo Bueno,5580,22630-011,Barra da Tijuca,Barra Oeste,-23.03,-43.39
Torre Dream 1,Rua Mário Covas Júnior,5590,22620-970,Barra da Tijuca,Barra Central,-23.02,-43.36
Residencial Dream 1,Avenida Heitor Doyle Maia,5600,22641-270,Barra da Tijuca,Barra Central,-23.02,-43.36
Edifício Dream 1,Rua Paulo Moura,5610,22640-090,Barra da Tijuca,Barra Central,-23.02,-43.36
Condomínio Dream 1,Avenida Jornalista Tim Lopes,5620,22640-100,Barra da Tijuca,Barra Central,-23.02,-43.36
Mansão Dream 1,Avenida Lúcio Costa,5630,22630-011,Barra da Tijuca,Eixo Lúcio Costa,-23.012,-43.371
Bloco Dream 1,Avenida das Américas,5640,22793-082,Recreio dos Bandeirantes,Eixo Américas,-23.025,-43.385
Conjunto Dream 1,Avenida Ayrton Senna,5650,22640-020,Barra da Tijuca,Barra Central,-23.02,-43.36
Vila Dream 1,Avenida Embaixador Abelardo Bueno,5660,22630-011,Barra da Tijuca,Barra Oeste,-23.03,-43.39
Parque Dream 1,Rua Mário Covas Júnior,5670,22620-970,Barra da Tijuca,Barra Central,-23.02,-43.36
Oasis Dream 1,Avenida Heitor Doyle Maia,5680,22641-270,Barra da Tijuca,Barra Central,-23.02,-43.36
Templo Dream 1,Rua Paulo Moura,5690,22640-090,Barra da Tijuca,Barra Central,-23.02,-43.36
Imperial Dream 1,Avenida Jornalista Tim Lopes,5700,22640-100,Barra da Tijuca,Barra Central,-23.02,-43.36
Régis Dream 1,Avenida Lúcio Costa,5710,22630-011,Barra da Tijuca,Eixo Lúcio Costa,-23.012,-43.371
Premium Dream 1,Avenida das Américas,5720,22793-082,Recreio dos Bandeirantes,Eixo Américas,-23.025,-43.385
Platinum Dream 1,Avenida Ayrton Senna,5730,22640-020,Barra da Tijuca,Barra Central,-23.02,-43.36
Torre Star 1,Avenida Embaixador Abelardo Bueno,5740,22630-011,Barra da Tijuca,Barra Oeste,-23.03,-43.39
Residencial Star 1,Rua Mário Covas Júnior,5750,22620-970,Barra da Tijuca,Barra Central,-23.02,-43.36
Edifício Star 1,Avenida Heitor Doyle Maia,5760,22641-270,Barra da Tijuca,Barra Central,-23.02,-43.36
Condomínio Star 1,Rua Paulo Moura,5770,22640-090,Barra da Tijuca,Barra Central,-23.02,-43.36
Mansão Star 1,Avenida Jornalista Tim Lopes,5780,22640-100,Barra da Tijuca,Barra Central,-23.02,-43.36
Bloco Star 1,Avenida Lúcio Costa,5790,22630-011,Barra da Tijuca,Eixo Lúcio Costa,-23.012,-43.371
Conjunto Star 1,Avenida das Américas,5800,22793-082,Recreio dos Bandeirantes,Eixo Américas,-23.025,-43.385
Vila Star 1,Avenida Ayrton Senna,5810,22640-020,Barra da Tijuca,Barra Central,-23.02,-43.36
Parque Star 1,Avenida Embaixador Abelardo Bueno,5820,22630-011,Barra da Tijuca,Barra Oeste,-23.03,-43.39
Oasis Star 1,Rua Mário Covas Júnior,5830,22620-970,Barra da Tijuca,Barra Central,-23.02,-43.36
Templo Star 1,Avenida Heitor Doyle Maia,5840,22641-270,Barra da Tijuca,Barra Central,-23.02,-43.36
Imperial Star 1,Rua Paulo Moura,5850,22640-090,Barra da Tijuca,Barra Central,-23.02,-43.36
Régis Star 1,Avenida Jornalista Tim Lopes,5860,22640-100,Barra da Tijuca,Barra Central,-23.02,-43.36
Premium Star 1,Avenida Lúcio Costa,5870,22630-011,Barra da Tijuca,Eixo Lúcio Costa,-23.012,-43.371
Platinum Star 1,Avenida das Américas,5880,22793-082,Recreio dos Bandeirantes,Eixo Américas,-23.025,-43.385
Torre Barra 2,Avenida Ayrton Senna,5890,22640-020,Barra da Tijuca,Barra Central,-23.02,-43.36
Residencial Barra 2,Avenida Embaixador Abelardo Bueno,5900,22630-011,Barra da Tijuca,Barra Oeste,-23.03,-43.39
Edifício Barra 2,Rua Mário Covas Júnior,5910,22620-970,Barra da Tijuca,Barra Central,-23.02,-43.36
Condomínio Barra 2,Avenida Heitor Doyle Maia,5920,22641-270,Barra da Tijuca,Barra Central,-23.02,-43.36
Mansão Barra 2,Rua Paulo Moura,5930,22640-090,Barra da Tijuca,Barra Central,-23.02,-43.36
Bloco Barra 2,Avenida Jornalista Tim Lopes,5940,22640-100,Barra da Tijuca,Barra Central,-23.02,-43.36
Conjunto Barra 2,Avenida Lúcio Costa,5950,22630-011,Barra da Tijuca,Eixo Lúcio Costa,-23.012,-43.371
Vila Barra 2,Avenida das Américas,5960,22793-082,Recreio dos Bandeirantes,Eixo Américas,-23.025,-43.385
Parque Barra 2,Avenida Ayrton Senna,5970,22640-020,Barra da Tijuca,Barra Central,-23.02,-43.36
Oasis Barra 2,Avenida Embaixador Abelardo Bueno,5980,22630-011,Barra da Tijuca,Barra Oeste,-23.03,-43.39
Templo Barra 2,Rua Mário Covas Júnior,5990,22620-970,Barra da Tijuca,Barra Central,-23.02,-43.36
Imperial Barra 2,Avenida Heitor Doyle Maia,6000,22641-270,Barra da Tijuca,Barra Central,-23.02,-43.36
Régis Barra 2,Rua Paulo Moura,6010,22640-090,Barra da Tijuca,Barra Central,-23.02,-43.36
Premium Barra 2,Avenida Jornalista Tim Lopes,6020,22640-100,Barra da Tijuca,Barra Central,-23.02,-43.36
Platinum Barra 2,Avenida Lúcio Costa,6030,22630-011,Barra da Tijuca,Eixo Lúcio Costa,-23.012,-43.371
Torre Palace 2,Avenida das Américas,6040,22793-082,Recreio dos Bandeirantes,Eixo Américas,-23.025,-43.385
Residencial Palace 2,Avenida Ayrton Senna,6050,22640-020,Barra da Tijuca,Barra Central,-23.02,-43.36
Edifício Palace 2,Avenida Embaixador Abelardo Bueno,6060,22630-011,Barra da Tijuca,Barra Oeste,-23.03,-43.39